C:\Users\SIDHARTH\Desktop\Data\IMG\center_2020_07_24_15_47_59_747.jpg, C:\Users\SIDHARTH\Desktop\Data\IMG\left_2020_07_24_15_47_59_747.jpg, C:\Users\SIDHARTH\Desktop\Data\IMG\right_2020_07_24_15_47_59_747.jpg,0,0,0,7.76E-05
C:\Users\SIDHARTH\Desktop\Data\IMG\center_2020_07_24_15_47_59_855.jpg, C:\Users\SIDHARTH\Desktop\Data\IMG\left_2020_07_24_15_47_59_855.jpg, C:\Users\SIDHARTH\Desktop\Data\IMG\right_2020_07_24_15_47_59_855.jpg,0,0,0,7.94E-05
C:\Users\SIDHARTH\Desktop\Data\IMG\center_2020_07_24_15_47_59_959.jpg, C:\Users\SIDHARTH\Desktop\Data\IMG\left_2020_07_24_15_47_59_959.jpg, C:\Users\SIDHARTH\Desktop\Data\IMG\right_2020_07_24_15_47_59_959.jpg,0,0,0,7.83E-05
C:\Users\SIDHARTH\Desktop\Data\IMG\center_2020_07_24_15_48_00_059.jpg, C:\Users\SIDHARTH\Desktop\Data\IMG\left_2020_07_24_15_48_00_059.jpg, C:\Users\SIDHARTH\Desktop\Data\IMG\right_2020_07_24_15_48_00_059.jpg,0,0,0,7.88E-05
C:\Users\SIDHARTH\Desktop\Data\IMG\center_2020_07_24_15_48_00_169.jpg, C:\Users\SIDHARTH\Desktop\Data\IMG\left_2020_07_24_15_48_00_169.jpg, C:\Users\SIDHARTH\Desktop\Data\IMG\right_2020_07_24_15_48_00_169.jpg,0,0,0,8.04E-05
C:\Users\SIDHARTH\Desktop\Data\IMG\center_2020_07_24_15_48_00_292.jpg, C:\Users\SIDHARTH\Desktop\Data\IMG\left_2020_07_24_15_48_00_292.jpg, C:\Users\SIDHARTH\Desktop\Data\IMG\right_2020_07_24_15_48_00_292.jpg,0,0,0,7.81E-05
C:\Users\SIDHARTH\Desktop\Data\IMG\center_2020_07_24_15_48_00_400.jpg, C:\Users\SIDHARTH\Desktop\Data\IMG\left_2020_07_24_15_48_00_400.jpg, C:\Users\SIDHARTH\Desktop\Data\IMG\right_2020_07_24_15_48_00_400.jpg,0,0,0,7.82E-05
C:\Users\SIDHARTH\Desktop\Data\IMG\center_2020_07_24_15_48_00_511.jpg, C:\Users\SIDHARTH\Desktop\Data\IMG\left_2020_07_24_15_48_00_511.jpg, C:\Users\SIDHARTH\Desktop\Data\IMG\right_2020_07_24_15_48_00_511.jpg,0,0,0,7.81E-05
C:\Users\SIDHARTH\Desktop\Data\IMG\center_2020_07_24_15_48_00_615.jpg, C:\Users\SIDHARTH\Desktop\Data\IMG\left_2020_07_24_15_48_00_615.jpg, C:\Users\SIDHARTH\Desktop\Data\IMG\right_2020_07_24_15_48_00_615.jpg,0,0,0,7.78E-05
C:\Users\SIDHARTH\Desktop\Data\IMG\center_2020_07_24_15_48_00_723.jpg, C:\Users\SIDHARTH\Desktop\Data\IMG\left_2020_07_24_15_48_00_723.jpg, C:\Users\SIDHARTH\Desktop\Data\IMG\right_2020_07_24_15_48_00_723.jpg,0,0,0,7.83E-05
C:\Users\SIDHARTH\Desktop\Data\IMG\center_2020_07_24_15_48_00_839.jpg, C:\Users\SIDHARTH\Desktop\Data\IMG\left_2020_07_24_15_48_00_839.jpg, C:\Users\SIDHARTH\Desktop\Data\IMG\right_2020_07_24_15_48_00_839.jpg,0,0,0,7.91E-05
C:\Users\SIDHARTH\Desktop\Data\IMG\center_2020_07_24_15_48_00_944.jpg, C:\Users\SIDHARTH\Desktop\Data\IMG\left_2020_07_24_15_48_00_944.jpg, C:\Users\SIDHARTH\Desktop\Data\IMG\right_2020_07_24_15_48_00_944.jpg,0,0,0,7.98E-05
C:\Users\SIDHARTH\Desktop\Data\IMG\center_2020_07_24_15_48_01_057.jpg, C:\Users\SIDHARTH\Desktop\Data\IMG\left_2020_07_24_15_48_01_057.jpg, C:\Users\SIDHARTH\Desktop\Data\IMG\right_2020_07_24_15_48_01_057.jpg,0,0,0,7.96E-05
C:\Users\SIDHARTH\Desktop\Data\IMG\center_2020_07_24_15_48_01_159.jpg, C:\Users\SIDHARTH\Desktop\Data\IMG\left_2020_07_24_15_48_01_159.jpg, C:\Users\SIDHARTH\Desktop\Data\IMG\right_2020_07_24_15_48_01_159.jpg,0,0.3025058,0,0.2953912
C:\Users\SIDHARTH\Desktop\Data\IMG\center_2020_07_24_15_48_01_271.jpg, C:\Users\SIDHARTH\Desktop\Data\IMG\left_2020_07_24_15_48_01_271.jpg, C:\Users\SIDHARTH\Desktop\Data\IMG\right_2020_07_24_15_48_01_271.jpg,0,0.5936497,0,0.8728338
C:\Users\SIDHARTH\Desktop\Data\IMG\center_2020_07_24_15_48_01_429.jpg, C:\Users\SIDHARTH\Desktop\Data\IMG\left_2020_07_24_15_48_01_429.jpg, C:\Users\SIDHARTH\Desktop\Data\IMG\right_2020_07_24_15_48_01_429.jpg,0,1,0,2.628999
C:\Users\SIDHARTH\Desktop\Data\IMG\center_2020_07_24_15_48_01_551.jpg, C:\Users\SIDHARTH\Desktop\Data\IMG\left_2020_07_24_15_48_01_551.jpg, C:\Users\SIDHARTH\Desktop\Data\IMG\right_2020_07_24_15_48_01_551.jpg,0,0.6302372,0,3.484199
C:\Users\SIDHARTH\Desktop\Data\IMG\center_2020_07_24_15_48_01_667.jpg, C:\Users\SIDHARTH\Desktop\Data\IMG\left_2020_07_24_15_48_01_667.jpg, C:\Users\SIDHARTH\Desktop\Data\IMG\right_2020_07_24_15_48_01_667.jpg,0,0.2805979,0,3.854036
C:\Users\SIDHARTH\Desktop\Data\IMG\center_2020_07_24_15_48_01_813.jpg, C:\Users\SIDHARTH\Desktop\Data\IMG\left_2020_07_24_15_48_01_813.jpg, C:\Users\SIDHARTH\Desktop\Data\IMG\right_2020_07_24_15_48_01_813.jpg,0,0,0,3.811708
C:\Users\SIDHARTH\Desktop\Data\IMG\center_2020_07_24_15_48_01_922.jpg, C:\Users\SIDHARTH\Desktop\Data\IMG\left_2020_07_24_15_48_01_922.jpg, C:\Users\SIDHARTH\Desktop\Data\IMG\right_2020_07_24_15_48_01_922.jpg,0,0.3317065,0,4.237473
C:\Users\SIDHARTH\Desktop\Data\IMG\center_2020_07_24_15_48_03_134.jpg, C:\Users\SIDHARTH\Desktop\Data\IMG\left_2020_07_24_15_48_03_134.jpg, C:\Users\SIDHARTH\Desktop\Data\IMG\right_2020_07_24_15_48_03_134.jpg,0,0.4566138,0,5.292008
C:\Users\SIDHARTH\Desktop\Data\IMG\center_2020_07_24_15_48_03_234.jpg, C:\Users\SIDHARTH\Desktop\Data\IMG\left_2020_07_24_15_48_03_234.jpg, C:\Users\SIDHARTH\Desktop\Data\IMG\right_2020_07_24_15_48_03_234.jpg,0,0.7575138,0,6.048247
C:\Users\SIDHARTH\Desktop\Data\IMG\center_2020_07_24_15_48_03_376.jpg, C:\Users\SIDHARTH\Desktop\Data\IMG\left_2020_07_24_15_48_03_376.jpg, C:\Users\SIDHARTH\Desktop\Data\IMG\right_2020_07_24_15_48_03_376.jpg,0,0.3428298,0,6.495777
C:\Users\SIDHARTH\Desktop\Data\IMG\center_2020_07_24_15_48_03_477.jpg, C:\Users\SIDHARTH\Desktop\Data\IMG\left_2020_07_24_15_48_03_477.jpg, C:\Users\SIDHARTH\Desktop\Data\IMG\right_2020_07_24_15_48_03_477.jpg,-0.311834,0.03099587,0,6.576333
C:\Users\SIDHARTH\Desktop\Data\IMG\center_2020_07_24_15_48_03_603.jpg, C:\Users\SIDHARTH\Desktop\Data\IMG\left_2020_07_24_15_48_03_603.jpg, C:\Users\SIDHARTH\Desktop\Data\IMG\right_2020_07_24_15_48_03_603.jpg,-0.5226054,0,0,6.42559
C:\Users\SIDHARTH\Desktop\Data\IMG\center_2020_07_24_15_48_03_705.jpg, C:\Users\SIDHARTH\Desktop\Data\IMG\left_2020_07_24_15_48_03_705.jpg, C:\Users\SIDHARTH\Desktop\Data\IMG\right_2020_07_24_15_48_03_705.jpg,-0.2193375,0,0,6.369837
C:\Users\SIDHARTH\Desktop\Data\IMG\center_2020_07_24_15_48_03_805.jpg, C:\Users\SIDHARTH\Desktop\Data\IMG\left_2020_07_24_15_48_03_805.jpg, C:\Users\SIDHARTH\Desktop\Data\IMG\right_2020_07_24_15_48_03_805.jpg,0,0,0,6.291177
C:\Users\SIDHARTH\Desktop\Data\IMG\center_2020_07_24_15_48_03_915.jpg, C:\Users\SIDHARTH\Desktop\Data\IMG\left_2020_07_24_15_48_03_915.jpg, C:\Users\SIDHARTH\Desktop\Data\IMG\right_2020_07_24_15_48_03_915.jpg,0,0,0,6.214342
C:\Users\SIDHARTH\Desktop\Data\IMG\center_2020_07_24_15_48_04_023.jpg, C:\Users\SIDHARTH\Desktop\Data\IMG\left_2020_07_24_15_48_04_023.jpg, C:\Users\SIDHARTH\Desktop\Data\IMG\right_2020_07_24_15_48_04_023.jpg,0,0,0,6.150774
C:\Users\SIDHARTH\Desktop\Data\IMG\center_2020_07_24_15_48_04_162.jpg, C:\Users\SIDHARTH\Desktop\Data\IMG\left_2020_07_24_15_48_04_162.jpg, C:\Users\SIDHARTH\Desktop\Data\IMG\right_2020_07_24_15_48_04_162.jpg,-0.4118805,0,0,5.991791
C:\Users\SIDHARTH\Desktop\Data\IMG\center_2020_07_24_15_48_04_321.jpg, C:\Users\SIDHARTH\Desktop\Data\IMG\left_2020_07_24_15_48_04_321.jpg, C:\Users\SIDHARTH\Desktop\Data\IMG\right_2020_07_24_15_48_04_321.jpg,-0.8813697,0,0,5.727934
C:\Users\SIDHARTH\Desktop\Data\IMG\center_2020_07_24_15_48_04_521.jpg, C:\Users\SIDHARTH\Desktop\Data\IMG\left_2020_07_24_15_48_04_521.jpg, C:\Users\SIDHARTH\Desktop\Data\IMG\right_2020_07_24_15_48_04_521.jpg,-0.2874736,0,0,5.603392
C:\Users\SIDHARTH\Desktop\Data\IMG\center_2020_07_24_15_48_04_716.jpg, C:\Users\SIDHARTH\Desktop\Data\IMG\left_2020_07_24_15_48_04_716.jpg, C:\Users\SIDHARTH\Desktop\Data\IMG\right_2020_07_24_15_48_04_716.jpg,0,0,0,5.488926
C:\Users\SIDHARTH\Desktop\Data\IMG\center_2020_07_24_15_48_04_883.jpg, C:\Users\SIDHARTH\Desktop\Data\IMG\left_2020_07_24_15_48_04_883.jpg, C:\Users\SIDHARTH\Desktop\Data\IMG\right_2020_07_24_15_48_04_883.jpg,0,0,0,5.400496
C:\Users\SIDHARTH\Desktop\Data\IMG\center_2020_07_24_15_48_05_060.jpg, C:\Users\SIDHARTH\Desktop\Data\IMG\left_2020_07_24_15_48_05_060.jpg, C:\Users\SIDHARTH\Desktop\Data\IMG\right_2020_07_24_15_48_05_060.jpg,0,0,0,5.291255
C:\Users\SIDHARTH\Desktop\Data\IMG\center_2020_07_24_15_48_05_173.jpg, C:\Users\SIDHARTH\Desktop\Data\IMG\left_2020_07_24_15_48_05_173.jpg, C:\Users\SIDHARTH\Desktop\Data\IMG\right_2020_07_24_15_48_05_173.jpg,0,0,0,5.237373
C:\Users\SIDHARTH\Desktop\Data\IMG\center_2020_07_24_15_48_05_273.jpg, C:\Users\SIDHARTH\Desktop\Data\IMG\left_2020_07_24_15_48_05_273.jpg, C:\Users\SIDHARTH\Desktop\Data\IMG\right_2020_07_24_15_48_05_273.jpg,0,0,0,5.184036
C:\Users\SIDHARTH\Desktop\Data\IMG\center_2020_07_24_15_48_05_388.jpg, C:\Users\SIDHARTH\Desktop\Data\IMG\left_2020_07_24_15_48_05_388.jpg, C:\Users\SIDHARTH\Desktop\Data\IMG\right_2020_07_24_15_48_05_388.jpg,0,0,0,5.120744
C:\Users\SIDHARTH\Desktop\Data\IMG\center_2020_07_24_15_48_05_499.jpg, C:\Users\SIDHARTH\Desktop\Data\IMG\left_2020_07_24_15_48_05_499.jpg, C:\Users\SIDHARTH\Desktop\Data\IMG\right_2020_07_24_15_48_05_499.jpg,-0.3295158,0,0,5.029509
C:\Users\SIDHARTH\Desktop\Data\IMG\center_2020_07_24_15_48_05_602.jpg, C:\Users\SIDHARTH\Desktop\Data\IMG\left_2020_07_24_15_48_05_602.jpg, C:\Users\SIDHARTH\Desktop\Data\IMG\right_2020_07_24_15_48_05_602.jpg,-0.4610816,0,0,4.945082
C:\Users\SIDHARTH\Desktop\Data\IMG\center_2020_07_24_15_48_05_705.jpg, C:\Users\SIDHARTH\Desktop\Data\IMG\left_2020_07_24_15_48_05_705.jpg, C:\Users\SIDHARTH\Desktop\Data\IMG\right_2020_07_24_15_48_05_705.jpg,-0.1488766,0,0,4.90002
C:\Users\SIDHARTH\Desktop\Data\IMG\center_2020_07_24_15_48_05_820.jpg, C:\Users\SIDHARTH\Desktop\Data\IMG\left_2020_07_24_15_48_05_820.jpg, C:\Users\SIDHARTH\Desktop\Data\IMG\right_2020_07_24_15_48_05_820.jpg,0,0,0,4.83366
C:\Users\SIDHARTH\Desktop\Data\IMG\center_2020_07_24_15_48_05_933.jpg, C:\Users\SIDHARTH\Desktop\Data\IMG\left_2020_07_24_15_48_05_933.jpg, C:\Users\SIDHARTH\Desktop\Data\IMG\right_2020_07_24_15_48_05_933.jpg,0,0,0,4.784701
C:\Users\SIDHARTH\Desktop\Data\IMG\center_2020_07_24_15_48_06_042.jpg, C:\Users\SIDHARTH\Desktop\Data\IMG\left_2020_07_24_15_48_06_042.jpg, C:\Users\SIDHARTH\Desktop\Data\IMG\right_2020_07_24_15_48_06_042.jpg,0,0,0,4.726658
C:\Users\SIDHARTH\Desktop\Data\IMG\center_2020_07_24_15_48_06_156.jpg, C:\Users\SIDHARTH\Desktop\Data\IMG\left_2020_07_24_15_48_06_156.jpg, C:\Users\SIDHARTH\Desktop\Data\IMG\right_2020_07_24_15_48_06_156.jpg,-0.3411148,0,0,4.646639
C:\Users\SIDHARTH\Desktop\Data\IMG\center_2020_07_24_15_48_06_262.jpg, C:\Users\SIDHARTH\Desktop\Data\IMG\left_2020_07_24_15_48_06_262.jpg, C:\Users\SIDHARTH\Desktop\Data\IMG\right_2020_07_24_15_48_06_262.jpg,-0.6601632,0,0,4.556255
C:\Users\SIDHARTH\Desktop\Data\IMG\center_2020_07_24_15_48_06_369.jpg, C:\Users\SIDHARTH\Desktop\Data\IMG\left_2020_07_24_15_48_06_369.jpg, C:\Users\SIDHARTH\Desktop\Data\IMG\right_2020_07_24_15_48_06_369.jpg,-0.9797627,0,0,4.43604
C:\Users\SIDHARTH\Desktop\Data\IMG\center_2020_07_24_15_48_06_483.jpg, C:\Users\SIDHARTH\Desktop\Data\IMG\left_2020_07_24_15_48_06_483.jpg, C:\Users\SIDHARTH\Desktop\Data\IMG\right_2020_07_24_15_48_06_483.jpg,-0.6395054,0,0,4.397249
C:\Users\SIDHARTH\Desktop\Data\IMG\center_2020_07_24_15_48_06_591.jpg, C:\Users\SIDHARTH\Desktop\Data\IMG\left_2020_07_24_15_48_06_591.jpg, C:\Users\SIDHARTH\Desktop\Data\IMG\right_2020_07_24_15_48_06_591.jpg,-0.3552018,0,0,4.365822
C:\Users\SIDHARTH\Desktop\Data\IMG\center_2020_07_24_15_48_06_698.jpg, C:\Users\SIDHARTH\Desktop\Data\IMG\left_2020_07_24_15_48_06_698.jpg, C:\Users\SIDHARTH\Desktop\Data\IMG\right_2020_07_24_15_48_06_698.jpg,0,0,0,4.306659
C:\Users\SIDHARTH\Desktop\Data\IMG\center_2020_07_24_15_48_20_072.jpg, C:\Users\SIDHARTH\Desktop\Data\IMG\left_2020_07_24_15_48_20_072.jpg, C:\Users\SIDHARTH\Desktop\Data\IMG\right_2020_07_24_15_48_20_072.jpg,0,0.2861588,0,10.70698
C:\Users\SIDHARTH\Desktop\Data\IMG\center_2020_07_24_15_48_20_185.jpg, C:\Users\SIDHARTH\Desktop\Data\IMG\left_2020_07_24_15_48_20_185.jpg, C:\Users\SIDHARTH\Desktop\Data\IMG\right_2020_07_24_15_48_20_185.jpg,0,0.6683827,0,11.40921
C:\Users\SIDHARTH\Desktop\Data\IMG\center_2020_07_24_15_48_20_294.jpg, C:\Users\SIDHARTH\Desktop\Data\IMG\left_2020_07_24_15_48_20_294.jpg, C:\Users\SIDHARTH\Desktop\Data\IMG\right_2020_07_24_15_48_20_294.jpg,0,0.9975321,0,12.41695
C:\Users\SIDHARTH\Desktop\Data\IMG\center_2020_07_24_15_48_20_406.jpg, C:\Users\SIDHARTH\Desktop\Data\IMG\left_2020_07_24_15_48_20_406.jpg, C:\Users\SIDHARTH\Desktop\Data\IMG\right_2020_07_24_15_48_20_406.jpg,0,1,0,13.57396
C:\Users\SIDHARTH\Desktop\Data\IMG\center_2020_07_24_15_48_20_514.jpg, C:\Users\SIDHARTH\Desktop\Data\IMG\left_2020_07_24_15_48_20_514.jpg, C:\Users\SIDHARTH\Desktop\Data\IMG\right_2020_07_24_15_48_20_514.jpg,0,0.6744193,0,14.57852
C:\Users\SIDHARTH\Desktop\Data\IMG\center_2020_07_24_15_48_20_615.jpg, C:\Users\SIDHARTH\Desktop\Data\IMG\left_2020_07_24_15_48_20_615.jpg, C:\Users\SIDHARTH\Desktop\Data\IMG\right_2020_07_24_15_48_20_615.jpg,0,0.3723046,0,15.04784
C:\Users\SIDHARTH\Desktop\Data\IMG\center_2020_07_24_15_48_20_717.jpg, C:\Users\SIDHARTH\Desktop\Data\IMG\left_2020_07_24_15_48_20_717.jpg, C:\Users\SIDHARTH\Desktop\Data\IMG\right_2020_07_24_15_48_20_717.jpg,0,0.06808682,0,15.05324
C:\Users\SIDHARTH\Desktop\Data\IMG\center_2020_07_24_15_48_20_827.jpg, C:\Users\SIDHARTH\Desktop\Data\IMG\left_2020_07_24_15_48_20_827.jpg, C:\Users\SIDHARTH\Desktop\Data\IMG\right_2020_07_24_15_48_20_827.jpg,0,0,0,14.82653
C:\Users\SIDHARTH\Desktop\Data\IMG\center_2020_07_24_15_48_20_931.jpg, C:\Users\SIDHARTH\Desktop\Data\IMG\left_2020_07_24_15_48_20_931.jpg, C:\Users\SIDHARTH\Desktop\Data\IMG\right_2020_07_24_15_48_20_931.jpg,0,0,0,14.76042
C:\Users\SIDHARTH\Desktop\Data\IMG\center_2020_07_24_15_48_21_032.jpg, C:\Users\SIDHARTH\Desktop\Data\IMG\left_2020_07_24_15_48_21_032.jpg, C:\Users\SIDHARTH\Desktop\Data\IMG\right_2020_07_24_15_48_21_032.jpg,0,0,0,14.57299
C:\Users\SIDHARTH\Desktop\Data\IMG\center_2020_07_24_15_48_21_143.jpg, C:\Users\SIDHARTH\Desktop\Data\IMG\left_2020_07_24_15_48_21_143.jpg, C:\Users\SIDHARTH\Desktop\Data\IMG\right_2020_07_24_15_48_21_143.jpg,0,0,0,14.43719
C:\Users\SIDHARTH\Desktop\Data\IMG\center_2020_07_24_15_48_21_283.jpg, C:\Users\SIDHARTH\Desktop\Data\IMG\left_2020_07_24_15_48_21_283.jpg, C:\Users\SIDHARTH\Desktop\Data\IMG\right_2020_07_24_15_48_21_283.jpg,0,0.4044952,0,14.90594
C:\Users\SIDHARTH\Desktop\Data\IMG\center_2020_07_24_15_48_21_385.jpg, C:\Users\SIDHARTH\Desktop\Data\IMG\left_2020_07_24_15_48_21_385.jpg, C:\Users\SIDHARTH\Desktop\Data\IMG\right_2020_07_24_15_48_21_385.jpg,0,0.7248521,0,15.55989
C:\Users\SIDHARTH\Desktop\Data\IMG\center_2020_07_24_15_48_21_488.jpg, C:\Users\SIDHARTH\Desktop\Data\IMG\left_2020_07_24_15_48_21_488.jpg, C:\Users\SIDHARTH\Desktop\Data\IMG\right_2020_07_24_15_48_21_488.jpg,0,0.9982926,0,16.21026
C:\Users\SIDHARTH\Desktop\Data\IMG\center_2020_07_24_15_48_21_600.jpg, C:\Users\SIDHARTH\Desktop\Data\IMG\left_2020_07_24_15_48_21_600.jpg, C:\Users\SIDHARTH\Desktop\Data\IMG\right_2020_07_24_15_48_21_600.jpg,0,0.9572712,0,17.50769
C:\Users\SIDHARTH\Desktop\Data\IMG\center_2020_07_24_15_48_21_712.jpg, C:\Users\SIDHARTH\Desktop\Data\IMG\left_2020_07_24_15_48_21_712.jpg, C:\Users\SIDHARTH\Desktop\Data\IMG\right_2020_07_24_15_48_21_712.jpg,0,0.6192709,0,18.48259
C:\Users\SIDHARTH\Desktop\Data\IMG\center_2020_07_24_15_48_21_826.jpg, C:\Users\SIDHARTH\Desktop\Data\IMG\left_2020_07_24_15_48_21_826.jpg, C:\Users\SIDHARTH\Desktop\Data\IMG\right_2020_07_24_15_48_21_826.jpg,0,0.2794416,0,18.87648
C:\Users\SIDHARTH\Desktop\Data\IMG\center_2020_07_24_15_48_21_989.jpg, C:\Users\SIDHARTH\Desktop\Data\IMG\left_2020_07_24_15_48_21_989.jpg, C:\Users\SIDHARTH\Desktop\Data\IMG\right_2020_07_24_15_48_21_989.jpg,0,0,0,18.64641
C:\Users\SIDHARTH\Desktop\Data\IMG\center_2020_07_24_15_48_22_103.jpg, C:\Users\SIDHARTH\Desktop\Data\IMG\left_2020_07_24_15_48_22_103.jpg, C:\Users\SIDHARTH\Desktop\Data\IMG\right_2020_07_24_15_48_22_103.jpg,0,0.3434964,0,18.85339
C:\Users\SIDHARTH\Desktop\Data\IMG\center_2020_07_24_15_48_22_220.jpg, C:\Users\SIDHARTH\Desktop\Data\IMG\left_2020_07_24_15_48_22_220.jpg, C:\Users\SIDHARTH\Desktop\Data\IMG\right_2020_07_24_15_48_22_220.jpg,0,0.6956437,0,19.54662
C:\Users\SIDHARTH\Desktop\Data\IMG\center_2020_07_24_15_48_22_347.jpg, C:\Users\SIDHARTH\Desktop\Data\IMG\left_2020_07_24_15_48_22_347.jpg, C:\Users\SIDHARTH\Desktop\Data\IMG\right_2020_07_24_15_48_22_347.jpg,0,1,0,20.67435
C:\Users\SIDHARTH\Desktop\Data\IMG\center_2020_07_24_15_48_22_451.jpg, C:\Users\SIDHARTH\Desktop\Data\IMG\left_2020_07_24_15_48_22_451.jpg, C:\Users\SIDHARTH\Desktop\Data\IMG\right_2020_07_24_15_48_22_451.jpg,-0.3140925,0.6859075,0,21.16867
C:\Users\SIDHARTH\Desktop\Data\IMG\center_2020_07_24_15_48_22_559.jpg, C:\Users\SIDHARTH\Desktop\Data\IMG\left_2020_07_24_15_48_22_559.jpg, C:\Users\SIDHARTH\Desktop\Data\IMG\right_2020_07_24_15_48_22_559.jpg,-0.6399688,0.3600312,0,21.32014
C:\Users\SIDHARTH\Desktop\Data\IMG\center_2020_07_24_15_48_22_663.jpg, C:\Users\SIDHARTH\Desktop\Data\IMG\left_2020_07_24_15_48_22_663.jpg, C:\Users\SIDHARTH\Desktop\Data\IMG\right_2020_07_24_15_48_22_663.jpg,-0.3330506,0.05311307,0,21.39332
C:\Users\SIDHARTH\Desktop\Data\IMG\center_2020_07_24_15_48_22_777.jpg, C:\Users\SIDHARTH\Desktop\Data\IMG\left_2020_07_24_15_48_22_777.jpg, C:\Users\SIDHARTH\Desktop\Data\IMG\right_2020_07_24_15_48_22_777.jpg,0,0,0,21.14128
C:\Users\SIDHARTH\Desktop\Data\IMG\center_2020_07_24_15_48_22_886.jpg, C:\Users\SIDHARTH\Desktop\Data\IMG\left_2020_07_24_15_48_22_886.jpg, C:\Users\SIDHARTH\Desktop\Data\IMG\right_2020_07_24_15_48_22_886.jpg,0,0,0,20.62158
C:\Users\SIDHARTH\Desktop\Data\IMG\center_2020_07_24_15_48_22_989.jpg, C:\Users\SIDHARTH\Desktop\Data\IMG\left_2020_07_24_15_48_22_989.jpg, C:\Users\SIDHARTH\Desktop\Data\IMG\right_2020_07_24_15_48_22_989.jpg,0,0,0,20.72553
C:\Users\SIDHARTH\Desktop\Data\IMG\center_2020_07_24_15_48_23_094.jpg, C:\Users\SIDHARTH\Desktop\Data\IMG\left_2020_07_24_15_48_23_094.jpg, C:\Users\SIDHARTH\Desktop\Data\IMG\right_2020_07_24_15_48_23_094.jpg,0,0,0,20.48094
C:\Users\SIDHARTH\Desktop\Data\IMG\center_2020_07_24_15_48_23_195.jpg, C:\Users\SIDHARTH\Desktop\Data\IMG\left_2020_07_24_15_48_23_195.jpg, C:\Users\SIDHARTH\Desktop\Data\IMG\right_2020_07_24_15_48_23_195.jpg,0,0,0,19.94291
C:\Users\SIDHARTH\Desktop\Data\IMG\center_2020_07_24_15_48_23_298.jpg, C:\Users\SIDHARTH\Desktop\Data\IMG\left_2020_07_24_15_48_23_298.jpg, C:\Users\SIDHARTH\Desktop\Data\IMG\right_2020_07_24_15_48_23_298.jpg,0,0,0,20.08275
C:\Users\SIDHARTH\Desktop\Data\IMG\center_2020_07_24_15_48_30_384.jpg, C:\Users\SIDHARTH\Desktop\Data\IMG\left_2020_07_24_15_48_30_384.jpg, C:\Users\SIDHARTH\Desktop\Data\IMG\right_2020_07_24_15_48_30_384.jpg,0,1,0,26.24496
C:\Users\SIDHARTH\Desktop\Data\IMG\center_2020_07_24_15_48_30_487.jpg, C:\Users\SIDHARTH\Desktop\Data\IMG\left_2020_07_24_15_48_30_487.jpg, C:\Users\SIDHARTH\Desktop\Data\IMG\right_2020_07_24_15_48_30_487.jpg,0,1,0,27.18907
C:\Users\SIDHARTH\Desktop\Data\IMG\center_2020_07_24_15_48_30_591.jpg, C:\Users\SIDHARTH\Desktop\Data\IMG\left_2020_07_24_15_48_30_591.jpg, C:\Users\SIDHARTH\Desktop\Data\IMG\right_2020_07_24_15_48_30_591.jpg,0,1,0,28.12411
C:\Users\SIDHARTH\Desktop\Data\IMG\center_2020_07_24_15_48_30_701.jpg, C:\Users\SIDHARTH\Desktop\Data\IMG\left_2020_07_24_15_48_30_701.jpg, C:\Users\SIDHARTH\Desktop\Data\IMG\right_2020_07_24_15_48_30_701.jpg,0,1,0,29.23351
C:\Users\SIDHARTH\Desktop\Data\IMG\center_2020_07_24_15_48_30_812.jpg, C:\Users\SIDHARTH\Desktop\Data\IMG\left_2020_07_24_15_48_30_812.jpg, C:\Users\SIDHARTH\Desktop\Data\IMG\right_2020_07_24_15_48_30_812.jpg,0,1,0,30.14779
C:\Users\SIDHARTH\Desktop\Data\IMG\center_2020_07_24_15_48_30_913.jpg, C:\Users\SIDHARTH\Desktop\Data\IMG\left_2020_07_24_15_48_30_913.jpg, C:\Users\SIDHARTH\Desktop\Data\IMG\right_2020_07_24_15_48_30_913.jpg,0,1,0,30.19029
C:\Users\SIDHARTH\Desktop\Data\IMG\center_2020_07_24_15_48_31_018.jpg, C:\Users\SIDHARTH\Desktop\Data\IMG\left_2020_07_24_15_48_31_018.jpg, C:\Users\SIDHARTH\Desktop\Data\IMG\right_2020_07_24_15_48_31_018.jpg,0,1,0,30.19029
C:\Users\SIDHARTH\Desktop\Data\IMG\center_2020_07_24_15_48_31_126.jpg, C:\Users\SIDHARTH\Desktop\Data\IMG\left_2020_07_24_15_48_31_126.jpg, C:\Users\SIDHARTH\Desktop\Data\IMG\right_2020_07_24_15_48_31_126.jpg,0,1,0,30.19029
C:\Users\SIDHARTH\Desktop\Data\IMG\center_2020_07_24_15_48_31_236.jpg, C:\Users\SIDHARTH\Desktop\Data\IMG\left_2020_07_24_15_48_31_236.jpg, C:\Users\SIDHARTH\Desktop\Data\IMG\right_2020_07_24_15_48_31_236.jpg,0,1,0,30.19032
C:\Users\SIDHARTH\Desktop\Data\IMG\center_2020_07_24_15_48_31_345.jpg, C:\Users\SIDHARTH\Desktop\Data\IMG\left_2020_07_24_15_48_31_345.jpg, C:\Users\SIDHARTH\Desktop\Data\IMG\right_2020_07_24_15_48_31_345.jpg,0,1,0,30.19031
C:\Users\SIDHARTH\Desktop\Data\IMG\center_2020_07_24_15_48_31_445.jpg, C:\Users\SIDHARTH\Desktop\Data\IMG\left_2020_07_24_15_48_31_445.jpg, C:\Users\SIDHARTH\Desktop\Data\IMG\right_2020_07_24_15_48_31_445.jpg,0,1,0,30.19034
C:\Users\SIDHARTH\Desktop\Data\IMG\center_2020_07_24_15_48_31_551.jpg, C:\Users\SIDHARTH\Desktop\Data\IMG\left_2020_07_24_15_48_31_551.jpg, C:\Users\SIDHARTH\Desktop\Data\IMG\right_2020_07_24_15_48_31_551.jpg,0,1,0,30.1903
C:\Users\SIDHARTH\Desktop\Data\IMG\center_2020_07_24_15_48_31_659.jpg, C:\Users\SIDHARTH\Desktop\Data\IMG\left_2020_07_24_15_48_31_659.jpg, C:\Users\SIDHARTH\Desktop\Data\IMG\right_2020_07_24_15_48_31_659.jpg,0,1,0,30.19028
C:\Users\SIDHARTH\Desktop\Data\IMG\center_2020_07_24_15_48_31_772.jpg, C:\Users\SIDHARTH\Desktop\Data\IMG\left_2020_07_24_15_48_31_772.jpg, C:\Users\SIDHARTH\Desktop\Data\IMG\right_2020_07_24_15_48_31_772.jpg,0,1,0,30.19031
C:\Users\SIDHARTH\Desktop\Data\IMG\center_2020_07_24_15_48_31_879.jpg, C:\Users\SIDHARTH\Desktop\Data\IMG\left_2020_07_24_15_48_31_879.jpg, C:\Users\SIDHARTH\Desktop\Data\IMG\right_2020_07_24_15_48_31_879.jpg,0,1,0,30.19028
C:\Users\SIDHARTH\Desktop\Data\IMG\center_2020_07_24_15_48_31_981.jpg, C:\Users\SIDHARTH\Desktop\Data\IMG\left_2020_07_24_15_48_31_981.jpg, C:\Users\SIDHARTH\Desktop\Data\IMG\right_2020_07_24_15_48_31_981.jpg,0,1,0,30.19031
C:\Users\SIDHARTH\Desktop\Data\IMG\center_2020_07_24_15_48_32_086.jpg, C:\Users\SIDHARTH\Desktop\Data\IMG\left_2020_07_24_15_48_32_086.jpg, C:\Users\SIDHARTH\Desktop\Data\IMG\right_2020_07_24_15_48_32_086.jpg,0,1,0,30.19031
C:\Users\SIDHARTH\Desktop\Data\IMG\center_2020_07_24_15_48_32_188.jpg, C:\Users\SIDHARTH\Desktop\Data\IMG\left_2020_07_24_15_48_32_188.jpg, C:\Users\SIDHARTH\Desktop\Data\IMG\right_2020_07_24_15_48_32_188.jpg,-0.3042285,1,0,30.16833
C:\Users\SIDHARTH\Desktop\Data\IMG\center_2020_07_24_15_48_32_298.jpg, C:\Users\SIDHARTH\Desktop\Data\IMG\left_2020_07_24_15_48_32_298.jpg, C:\Users\SIDHARTH\Desktop\Data\IMG\right_2020_07_24_15_48_32_298.jpg,-0.01651173,0.7122832,0,30.12518
C:\Users\SIDHARTH\Desktop\Data\IMG\center_2020_07_24_15_48_32_422.jpg, C:\Users\SIDHARTH\Desktop\Data\IMG\left_2020_07_24_15_48_32_422.jpg, C:\Users\SIDHARTH\Desktop\Data\IMG\right_2020_07_24_15_48_32_422.jpg,0,0.3089165,0,30.01355
C:\Users\SIDHARTH\Desktop\Data\IMG\center_2020_07_24_15_48_32_522.jpg, C:\Users\SIDHARTH\Desktop\Data\IMG\left_2020_07_24_15_48_32_522.jpg, C:\Users\SIDHARTH\Desktop\Data\IMG\right_2020_07_24_15_48_32_522.jpg,0,0,0,29.78192
C:\Users\SIDHARTH\Desktop\Data\IMG\center_2020_07_24_15_48_32_680.jpg, C:\Users\SIDHARTH\Desktop\Data\IMG\left_2020_07_24_15_48_32_680.jpg, C:\Users\SIDHARTH\Desktop\Data\IMG\right_2020_07_24_15_48_32_680.jpg,-0.4639467,0,0,29.06104
C:\Users\SIDHARTH\Desktop\Data\IMG\center_2020_07_24_15_48_32_786.jpg, C:\Users\SIDHARTH\Desktop\Data\IMG\left_2020_07_24_15_48_32_786.jpg, C:\Users\SIDHARTH\Desktop\Data\IMG\right_2020_07_24_15_48_32_786.jpg,-0.7822391,0,0,28.25676
C:\Users\SIDHARTH\Desktop\Data\IMG\center_2020_07_24_15_48_33_006.jpg, C:\Users\SIDHARTH\Desktop\Data\IMG\left_2020_07_24_15_48_33_006.jpg, C:\Users\SIDHARTH\Desktop\Data\IMG\right_2020_07_24_15_48_33_006.jpg,-0.1302695,0,0,27.6412
C:\Users\SIDHARTH\Desktop\Data\IMG\center_2020_07_24_15_48_33_112.jpg, C:\Users\SIDHARTH\Desktop\Data\IMG\left_2020_07_24_15_48_33_112.jpg, C:\Users\SIDHARTH\Desktop\Data\IMG\right_2020_07_24_15_48_33_112.jpg,0,0,0,27.35618
C:\Users\SIDHARTH\Desktop\Data\IMG\center_2020_07_24_15_48_33_213.jpg, C:\Users\SIDHARTH\Desktop\Data\IMG\left_2020_07_24_15_48_33_213.jpg, C:\Users\SIDHARTH\Desktop\Data\IMG\right_2020_07_24_15_48_33_213.jpg,0,0,0,27.08032
C:\Users\SIDHARTH\Desktop\Data\IMG\center_2020_07_24_15_48_33_316.jpg, C:\Users\SIDHARTH\Desktop\Data\IMG\left_2020_07_24_15_48_33_316.jpg, C:\Users\SIDHARTH\Desktop\Data\IMG\right_2020_07_24_15_48_33_316.jpg,0,0,0,26.80835
C:\Users\SIDHARTH\Desktop\Data\IMG\center_2020_07_24_15_48_33_419.jpg, C:\Users\SIDHARTH\Desktop\Data\IMG\left_2020_07_24_15_48_33_419.jpg, C:\Users\SIDHARTH\Desktop\Data\IMG\right_2020_07_24_15_48_33_419.jpg,0,0,0,26.48243
C:\Users\SIDHARTH\Desktop\Data\IMG\center_2020_07_24_15_48_33_527.jpg, C:\Users\SIDHARTH\Desktop\Data\IMG\left_2020_07_24_15_48_33_527.jpg, C:\Users\SIDHARTH\Desktop\Data\IMG\right_2020_07_24_15_48_33_527.jpg,0,0,0,26.21409
C:\Users\SIDHARTH\Desktop\Data\IMG\center_2020_07_24_15_48_33_633.jpg, C:\Users\SIDHARTH\Desktop\Data\IMG\left_2020_07_24_15_48_33_633.jpg, C:\Users\SIDHARTH\Desktop\Data\IMG\right_2020_07_24_15_48_33_633.jpg,0.3161339,0,0,25.88304
C:\Users\SIDHARTH\Desktop\Data\IMG\center_2020_07_24_15_48_43_738.jpg, C:\Users\SIDHARTH\Desktop\Data\IMG\left_2020_07_24_15_48_43_738.jpg, C:\Users\SIDHARTH\Desktop\Data\IMG\right_2020_07_24_15_48_43_738.jpg,0,0.5973954,0,30.0756
C:\Users\SIDHARTH\Desktop\Data\IMG\center_2020_07_24_15_48_43_840.jpg, C:\Users\SIDHARTH\Desktop\Data\IMG\left_2020_07_24_15_48_43_840.jpg, C:\Users\SIDHARTH\Desktop\Data\IMG\right_2020_07_24_15_48_43_840.jpg,0,0.3345501,0,30.02418
C:\Users\SIDHARTH\Desktop\Data\IMG\center_2020_07_24_15_48_43_955.jpg, C:\Users\SIDHARTH\Desktop\Data\IMG\left_2020_07_24_15_48_43_955.jpg, C:\Users\SIDHARTH\Desktop\Data\IMG\right_2020_07_24_15_48_43_955.jpg,-0.065699,0,0,29.6907
C:\Users\SIDHARTH\Desktop\Data\IMG\center_2020_07_24_15_48_44_064.jpg, C:\Users\SIDHARTH\Desktop\Data\IMG\left_2020_07_24_15_48_44_064.jpg, C:\Users\SIDHARTH\Desktop\Data\IMG\right_2020_07_24_15_48_44_064.jpg,-0.391623,0,0,29.20165
C:\Users\SIDHARTH\Desktop\Data\IMG\center_2020_07_24_15_48_44_164.jpg, C:\Users\SIDHARTH\Desktop\Data\IMG\left_2020_07_24_15_48_44_164.jpg, C:\Users\SIDHARTH\Desktop\Data\IMG\right_2020_07_24_15_48_44_164.jpg,-0.08763152,0,0,28.90891
C:\Users\SIDHARTH\Desktop\Data\IMG\center_2020_07_24_15_48_44_279.jpg, C:\Users\SIDHARTH\Desktop\Data\IMG\left_2020_07_24_15_48_44_279.jpg, C:\Users\SIDHARTH\Desktop\Data\IMG\right_2020_07_24_15_48_44_279.jpg,0,0,0,28.61255
C:\Users\SIDHARTH\Desktop\Data\IMG\center_2020_07_24_15_48_44_381.jpg, C:\Users\SIDHARTH\Desktop\Data\IMG\left_2020_07_24_15_48_44_381.jpg, C:\Users\SIDHARTH\Desktop\Data\IMG\right_2020_07_24_15_48_44_381.jpg,0,0,0,28.26698
C:\Users\SIDHARTH\Desktop\Data\IMG\center_2020_07_24_15_48_44_481.jpg, C:\Users\SIDHARTH\Desktop\Data\IMG\left_2020_07_24_15_48_44_481.jpg, C:\Users\SIDHARTH\Desktop\Data\IMG\right_2020_07_24_15_48_44_481.jpg,0,0,0,27.98306
C:\Users\SIDHARTH\Desktop\Data\IMG\center_2020_07_24_15_48_44_596.jpg, C:\Users\SIDHARTH\Desktop\Data\IMG\left_2020_07_24_15_48_44_596.jpg, C:\Users\SIDHARTH\Desktop\Data\IMG\right_2020_07_24_15_48_44_596.jpg,0,0,0,27.70207
C:\Users\SIDHARTH\Desktop\Data\IMG\center_2020_07_24_15_48_44_713.jpg, C:\Users\SIDHARTH\Desktop\Data\IMG\left_2020_07_24_15_48_44_713.jpg, C:\Users\SIDHARTH\Desktop\Data\IMG\right_2020_07_24_15_48_44_713.jpg,0,0.3951655,0,27.71058
C:\Users\SIDHARTH\Desktop\Data\IMG\center_2020_07_24_15_48_44_827.jpg, C:\Users\SIDHARTH\Desktop\Data\IMG\left_2020_07_24_15_48_44_827.jpg, C:\Users\SIDHARTH\Desktop\Data\IMG\right_2020_07_24_15_48_44_827.jpg,0,0.736636,0,28.24518
C:\Users\SIDHARTH\Desktop\Data\IMG\center_2020_07_24_15_48_44_933.jpg, C:\Users\SIDHARTH\Desktop\Data\IMG\left_2020_07_24_15_48_44_933.jpg, C:\Users\SIDHARTH\Desktop\Data\IMG\right_2020_07_24_15_48_44_933.jpg,0,1,0,29.06253
C:\Users\SIDHARTH\Desktop\Data\IMG\center_2020_07_24_15_48_45_040.jpg, C:\Users\SIDHARTH\Desktop\Data\IMG\left_2020_07_24_15_48_45_040.jpg, C:\Users\SIDHARTH\Desktop\Data\IMG\right_2020_07_24_15_48_45_040.jpg,0,1,0,30.16214
C:\Users\SIDHARTH\Desktop\Data\IMG\center_2020_07_24_15_48_45_148.jpg, C:\Users\SIDHARTH\Desktop\Data\IMG\left_2020_07_24_15_48_45_148.jpg, C:\Users\SIDHARTH\Desktop\Data\IMG\right_2020_07_24_15_48_45_148.jpg,0,1,0,30.19033
C:\Users\SIDHARTH\Desktop\Data\IMG\center_2020_07_24_15_48_45_253.jpg, C:\Users\SIDHARTH\Desktop\Data\IMG\left_2020_07_24_15_48_45_253.jpg, C:\Users\SIDHARTH\Desktop\Data\IMG\right_2020_07_24_15_48_45_253.jpg,0,1,0,30.19014
C:\Users\SIDHARTH\Desktop\Data\IMG\center_2020_07_24_15_48_45_353.jpg, C:\Users\SIDHARTH\Desktop\Data\IMG\left_2020_07_24_15_48_45_353.jpg, C:\Users\SIDHARTH\Desktop\Data\IMG\right_2020_07_24_15_48_45_353.jpg,0,1,0,30.1903
C:\Users\SIDHARTH\Desktop\Data\IMG\center_2020_07_24_15_48_45_455.jpg, C:\Users\SIDHARTH\Desktop\Data\IMG\left_2020_07_24_15_48_45_455.jpg, C:\Users\SIDHARTH\Desktop\Data\IMG\right_2020_07_24_15_48_45_455.jpg,0,1,0,30.19029
C:\Users\SIDHARTH\Desktop\Data\IMG\center_2020_07_24_15_48_45_561.jpg, C:\Users\SIDHARTH\Desktop\Data\IMG\left_2020_07_24_15_48_45_561.jpg, C:\Users\SIDHARTH\Desktop\Data\IMG\right_2020_07_24_15_48_45_561.jpg,0,0.6827946,0,30.11309
C:\Users\SIDHARTH\Desktop\Data\IMG\center_2020_07_24_15_48_45_668.jpg, C:\Users\SIDHARTH\Desktop\Data\IMG\left_2020_07_24_15_48_45_668.jpg, C:\Users\SIDHARTH\Desktop\Data\IMG\right_2020_07_24_15_48_45_668.jpg,0,0.3620466,0,30.04873
C:\Users\SIDHARTH\Desktop\Data\IMG\center_2020_07_24_15_48_45_780.jpg, C:\Users\SIDHARTH\Desktop\Data\IMG\left_2020_07_24_15_48_45_780.jpg, C:\Users\SIDHARTH\Desktop\Data\IMG\right_2020_07_24_15_48_45_780.jpg,0,0.02677442,0,29.88463
C:\Users\SIDHARTH\Desktop\Data\IMG\center_2020_07_24_15_48_45_880.jpg, C:\Users\SIDHARTH\Desktop\Data\IMG\left_2020_07_24_15_48_45_880.jpg, C:\Users\SIDHARTH\Desktop\Data\IMG\right_2020_07_24_15_48_45_880.jpg,-0.1277262,0,0,29.58266
C:\Users\SIDHARTH\Desktop\Data\IMG\center_2020_07_24_15_48_45_985.jpg, C:\Users\SIDHARTH\Desktop\Data\IMG\left_2020_07_24_15_48_45_985.jpg, C:\Users\SIDHARTH\Desktop\Data\IMG\right_2020_07_24_15_48_45_985.jpg,-0.3593,0,0,29.15513
C:\Users\SIDHARTH\Desktop\Data\IMG\center_2020_07_24_15_48_46_118.jpg, C:\Users\SIDHARTH\Desktop\Data\IMG\left_2020_07_24_15_48_46_118.jpg, C:\Users\SIDHARTH\Desktop\Data\IMG\right_2020_07_24_15_48_46_118.jpg,0,0,0,28.79146
C:\Users\SIDHARTH\Desktop\Data\IMG\center_2020_07_24_15_48_46_219.jpg, C:\Users\SIDHARTH\Desktop\Data\IMG\left_2020_07_24_15_48_46_219.jpg, C:\Users\SIDHARTH\Desktop\Data\IMG\right_2020_07_24_15_48_46_219.jpg,0,0,0,28.50091
C:\Users\SIDHARTH\Desktop\Data\IMG\center_2020_07_24_15_48_46_328.jpg, C:\Users\SIDHARTH\Desktop\Data\IMG\left_2020_07_24_15_48_46_328.jpg, C:\Users\SIDHARTH\Desktop\Data\IMG\right_2020_07_24_15_48_46_328.jpg,0,0,0,28.1576
C:\Users\SIDHARTH\Desktop\Data\IMG\center_2020_07_24_15_48_46_432.jpg, C:\Users\SIDHARTH\Desktop\Data\IMG\left_2020_07_24_15_48_46_432.jpg, C:\Users\SIDHARTH\Desktop\Data\IMG\right_2020_07_24_15_48_46_432.jpg,0,0.1734002,0,27.91419
C:\Users\SIDHARTH\Desktop\Data\IMG\center_2020_07_24_15_48_46_542.jpg, C:\Users\SIDHARTH\Desktop\Data\IMG\left_2020_07_24_15_48_46_542.jpg, C:\Users\SIDHARTH\Desktop\Data\IMG\right_2020_07_24_15_48_46_542.jpg,0,0.5056887,0,28.095
C:\Users\SIDHARTH\Desktop\Data\IMG\center_2020_07_24_15_48_46_645.jpg, C:\Users\SIDHARTH\Desktop\Data\IMG\left_2020_07_24_15_48_46_645.jpg, C:\Users\SIDHARTH\Desktop\Data\IMG\right_2020_07_24_15_48_46_645.jpg,0,0.8128808,0,28.6446
C:\Users\SIDHARTH\Desktop\Data\IMG\center_2020_07_24_15_48_46_756.jpg, C:\Users\SIDHARTH\Desktop\Data\IMG\left_2020_07_24_15_48_46_756.jpg, C:\Users\SIDHARTH\Desktop\Data\IMG\right_2020_07_24_15_48_46_756.jpg,0,1,0,29.5332
C:\Users\SIDHARTH\Desktop\Data\IMG\center_2020_07_24_15_48_46_863.jpg, C:\Users\SIDHARTH\Desktop\Data\IMG\left_2020_07_24_15_48_46_863.jpg, C:\Users\SIDHARTH\Desktop\Data\IMG\right_2020_07_24_15_48_46_863.jpg,0,1,0,30.19006
C:\Users\SIDHARTH\Desktop\Data\IMG\center_2020_07_24_15_49_01_401.jpg, C:\Users\SIDHARTH\Desktop\Data\IMG\left_2020_07_24_15_49_01_401.jpg, C:\Users\SIDHARTH\Desktop\Data\IMG\right_2020_07_24_15_49_01_401.jpg,0,0,0,21.30864
C:\Users\SIDHARTH\Desktop\Data\IMG\center_2020_07_24_15_49_01_505.jpg, C:\Users\SIDHARTH\Desktop\Data\IMG\left_2020_07_24_15_49_01_505.jpg, C:\Users\SIDHARTH\Desktop\Data\IMG\right_2020_07_24_15_49_01_505.jpg,0,0,0,21.04588
C:\Users\SIDHARTH\Desktop\Data\IMG\center_2020_07_24_15_49_01_614.jpg, C:\Users\SIDHARTH\Desktop\Data\IMG\left_2020_07_24_15_49_01_614.jpg, C:\Users\SIDHARTH\Desktop\Data\IMG\right_2020_07_24_15_49_01_614.jpg,0,0,0,20.93154
C:\Users\SIDHARTH\Desktop\Data\IMG\center_2020_07_24_15_49_01_725.jpg, C:\Users\SIDHARTH\Desktop\Data\IMG\left_2020_07_24_15_49_01_725.jpg, C:\Users\SIDHARTH\Desktop\Data\IMG\right_2020_07_24_15_49_01_725.jpg,0,0,0,20.69425
C:\Users\SIDHARTH\Desktop\Data\IMG\center_2020_07_24_15_49_01_830.jpg, C:\Users\SIDHARTH\Desktop\Data\IMG\left_2020_07_24_15_49_01_830.jpg, C:\Users\SIDHARTH\Desktop\Data\IMG\right_2020_07_24_15_49_01_830.jpg,-0.1147446,0,0,20.26994
C:\Users\SIDHARTH\Desktop\Data\IMG\center_2020_07_24_15_49_01_938.jpg, C:\Users\SIDHARTH\Desktop\Data\IMG\left_2020_07_24_15_49_01_938.jpg, C:\Users\SIDHARTH\Desktop\Data\IMG\right_2020_07_24_15_49_01_938.jpg,-0.4078099,0,0,20.21894
C:\Users\SIDHARTH\Desktop\Data\IMG\center_2020_07_24_15_49_02_043.jpg, C:\Users\SIDHARTH\Desktop\Data\IMG\left_2020_07_24_15_49_02_043.jpg, C:\Users\SIDHARTH\Desktop\Data\IMG\right_2020_07_24_15_49_02_043.jpg,-0.124838,0,0,19.99848
C:\Users\SIDHARTH\Desktop\Data\IMG\center_2020_07_24_15_49_02_258.jpg, C:\Users\SIDHARTH\Desktop\Data\IMG\left_2020_07_24_15_49_02_258.jpg, C:\Users\SIDHARTH\Desktop\Data\IMG\right_2020_07_24_15_49_02_258.jpg,0,0,0,19.61037
C:\Users\SIDHARTH\Desktop\Data\IMG\center_2020_07_24_15_49_02_359.jpg, C:\Users\SIDHARTH\Desktop\Data\IMG\left_2020_07_24_15_49_02_359.jpg, C:\Users\SIDHARTH\Desktop\Data\IMG\right_2020_07_24_15_49_02_359.jpg,0,0,0,19.00639
C:\Users\SIDHARTH\Desktop\Data\IMG\center_2020_07_24_15_49_02_459.jpg, C:\Users\SIDHARTH\Desktop\Data\IMG\left_2020_07_24_15_49_02_459.jpg, C:\Users\SIDHARTH\Desktop\Data\IMG\right_2020_07_24_15_49_02_459.jpg,0,0,0,19.24468
C:\Users\SIDHARTH\Desktop\Data\IMG\center_2020_07_24_15_49_02_561.jpg, C:\Users\SIDHARTH\Desktop\Data\IMG\left_2020_07_24_15_49_02_561.jpg, C:\Users\SIDHARTH\Desktop\Data\IMG\right_2020_07_24_15_49_02_561.jpg,0,0,0,19.02473
C:\Users\SIDHARTH\Desktop\Data\IMG\center_2020_07_24_15_49_02_669.jpg, C:\Users\SIDHARTH\Desktop\Data\IMG\left_2020_07_24_15_49_02_669.jpg, C:\Users\SIDHARTH\Desktop\Data\IMG\right_2020_07_24_15_49_02_669.jpg,0,0,0,18.35264
C:\Users\SIDHARTH\Desktop\Data\IMG\center_2020_07_24_15_49_02_774.jpg, C:\Users\SIDHARTH\Desktop\Data\IMG\left_2020_07_24_15_49_02_774.jpg, C:\Users\SIDHARTH\Desktop\Data\IMG\right_2020_07_24_15_49_02_774.jpg,-0.2875259,0,0,18.60429
C:\Users\SIDHARTH\Desktop\Data\IMG\center_2020_07_24_15_49_02_880.jpg, C:\Users\SIDHARTH\Desktop\Data\IMG\left_2020_07_24_15_49_02_880.jpg, C:\Users\SIDHARTH\Desktop\Data\IMG\right_2020_07_24_15_49_02_880.jpg,-0.633969,0,0,18.18575
C:\Users\SIDHARTH\Desktop\Data\IMG\center_2020_07_24_15_49_02_985.jpg, C:\Users\SIDHARTH\Desktop\Data\IMG\left_2020_07_24_15_49_02_985.jpg, C:\Users\SIDHARTH\Desktop\Data\IMG\right_2020_07_24_15_49_02_985.jpg,-0.7775233,0,0,17.31071
C:\Users\SIDHARTH\Desktop\Data\IMG\center_2020_07_24_15_49_03_091.jpg, C:\Users\SIDHARTH\Desktop\Data\IMG\left_2020_07_24_15_49_03_091.jpg, C:\Users\SIDHARTH\Desktop\Data\IMG\right_2020_07_24_15_49_03_091.jpg,-0.4919527,0,0,17.63264
C:\Users\SIDHARTH\Desktop\Data\IMG\center_2020_07_24_15_49_03_200.jpg, C:\Users\SIDHARTH\Desktop\Data\IMG\left_2020_07_24_15_49_03_200.jpg, C:\Users\SIDHARTH\Desktop\Data\IMG\right_2020_07_24_15_49_03_200.jpg,-0.1335672,0,0,17.44039
C:\Users\SIDHARTH\Desktop\Data\IMG\center_2020_07_24_15_49_03_309.jpg, C:\Users\SIDHARTH\Desktop\Data\IMG\left_2020_07_24_15_49_03_309.jpg, C:\Users\SIDHARTH\Desktop\Data\IMG\right_2020_07_24_15_49_03_309.jpg,0,0,0,16.73652
C:\Users\SIDHARTH\Desktop\Data\IMG\center_2020_07_24_15_49_03_418.jpg, C:\Users\SIDHARTH\Desktop\Data\IMG\left_2020_07_24_15_49_03_418.jpg, C:\Users\SIDHARTH\Desktop\Data\IMG\right_2020_07_24_15_49_03_418.jpg,0,0,0,17.08109
C:\Users\SIDHARTH\Desktop\Data\IMG\center_2020_07_24_15_49_03_527.jpg, C:\Users\SIDHARTH\Desktop\Data\IMG\left_2020_07_24_15_49_03_527.jpg, C:\Users\SIDHARTH\Desktop\Data\IMG\right_2020_07_24_15_49_03_527.jpg,0,0,0,16.87582
C:\Users\SIDHARTH\Desktop\Data\IMG\center_2020_07_24_15_49_03_630.jpg, C:\Users\SIDHARTH\Desktop\Data\IMG\left_2020_07_24_15_49_03_630.jpg, C:\Users\SIDHARTH\Desktop\Data\IMG\right_2020_07_24_15_49_03_630.jpg,0,0,0,16.16418
C:\Users\SIDHARTH\Desktop\Data\IMG\center_2020_07_24_15_49_03_738.jpg, C:\Users\SIDHARTH\Desktop\Data\IMG\left_2020_07_24_15_49_03_738.jpg, C:\Users\SIDHARTH\Desktop\Data\IMG\right_2020_07_24_15_49_03_738.jpg,0,0,0,16.54531
C:\Users\SIDHARTH\Desktop\Data\IMG\center_2020_07_24_15_49_04_087.jpg, C:\Users\SIDHARTH\Desktop\Data\IMG\left_2020_07_24_15_49_04_087.jpg, C:\Users\SIDHARTH\Desktop\Data\IMG\right_2020_07_24_15_49_04_087.jpg,0,1,0,19.7692
C:\Users\SIDHARTH\Desktop\Data\IMG\center_2020_07_24_15_49_04_181.jpg, C:\Users\SIDHARTH\Desktop\Data\IMG\left_2020_07_24_15_49_04_181.jpg, C:\Users\SIDHARTH\Desktop\Data\IMG\right_2020_07_24_15_49_04_181.jpg,0,1,0,20.6767
C:\Users\SIDHARTH\Desktop\Data\IMG\center_2020_07_24_15_49_04_289.jpg, C:\Users\SIDHARTH\Desktop\Data\IMG\left_2020_07_24_15_49_04_289.jpg, C:\Users\SIDHARTH\Desktop\Data\IMG\right_2020_07_24_15_49_04_289.jpg,0,1,0,21.8978
C:\Users\SIDHARTH\Desktop\Data\IMG\center_2020_07_24_15_49_04_399.jpg, C:\Users\SIDHARTH\Desktop\Data\IMG\left_2020_07_24_15_49_04_399.jpg, C:\Users\SIDHARTH\Desktop\Data\IMG\right_2020_07_24_15_49_04_399.jpg,0,0.7017758,0,22.70578
C:\Users\SIDHARTH\Desktop\Data\IMG\center_2020_07_24_15_49_04_504.jpg, C:\Users\SIDHARTH\Desktop\Data\IMG\left_2020_07_24_15_49_04_504.jpg, C:\Users\SIDHARTH\Desktop\Data\IMG\right_2020_07_24_15_49_04_504.jpg,0,0.4017086,0,23.04887
C:\Users\SIDHARTH\Desktop\Data\IMG\center_2020_07_24_15_49_04_611.jpg, C:\Users\SIDHARTH\Desktop\Data\IMG\left_2020_07_24_15_49_04_611.jpg, C:\Users\SIDHARTH\Desktop\Data\IMG\right_2020_07_24_15_49_04_611.jpg,0,0.03272944,0,22.90824
C:\Users\SIDHARTH\Desktop\Data\IMG\center_2020_07_24_15_49_04_723.jpg, C:\Users\SIDHARTH\Desktop\Data\IMG\left_2020_07_24_15_49_04_723.jpg, C:\Users\SIDHARTH\Desktop\Data\IMG\right_2020_07_24_15_49_04_723.jpg,0,0,0,22.70469
C:\Users\SIDHARTH\Desktop\Data\IMG\center_2020_07_24_15_49_04_836.jpg, C:\Users\SIDHARTH\Desktop\Data\IMG\left_2020_07_24_15_49_04_836.jpg, C:\Users\SIDHARTH\Desktop\Data\IMG\right_2020_07_24_15_49_04_836.jpg,-0.3350936,0,0,22.3175
C:\Users\SIDHARTH\Desktop\Data\IMG\center_2020_07_24_15_49_04_946.jpg, C:\Users\SIDHARTH\Desktop\Data\IMG\left_2020_07_24_15_49_04_946.jpg, C:\Users\SIDHARTH\Desktop\Data\IMG\right_2020_07_24_15_49_04_946.jpg,-0.6309869,0,0,21.89701
C:\Users\SIDHARTH\Desktop\Data\IMG\center_2020_07_24_15_49_05_050.jpg, C:\Users\SIDHARTH\Desktop\Data\IMG\left_2020_07_24_15_49_05_050.jpg, C:\Users\SIDHARTH\Desktop\Data\IMG\right_2020_07_24_15_49_05_050.jpg,-0.2819034,0,0,21.63491
C:\Users\SIDHARTH\Desktop\Data\IMG\center_2020_07_24_15_49_05_159.jpg, C:\Users\SIDHARTH\Desktop\Data\IMG\left_2020_07_24_15_49_05_159.jpg, C:\Users\SIDHARTH\Desktop\Data\IMG\right_2020_07_24_15_49_05_159.jpg,0,0,0,21.40562
C:\Users\SIDHARTH\Desktop\Data\IMG\center_2020_07_24_15_49_05_261.jpg, C:\Users\SIDHARTH\Desktop\Data\IMG\left_2020_07_24_15_49_05_261.jpg, C:\Users\SIDHARTH\Desktop\Data\IMG\right_2020_07_24_15_49_05_261.jpg,0,0,0,21.17857
C:\Users\SIDHARTH\Desktop\Data\IMG\center_2020_07_24_15_49_05_372.jpg, C:\Users\SIDHARTH\Desktop\Data\IMG\left_2020_07_24_15_49_05_372.jpg, C:\Users\SIDHARTH\Desktop\Data\IMG\right_2020_07_24_15_49_05_372.jpg,0,0,0,20.92217
C:\Users\SIDHARTH\Desktop\Data\IMG\center_2020_07_24_15_49_05_473.jpg, C:\Users\SIDHARTH\Desktop\Data\IMG\left_2020_07_24_15_49_05_473.jpg, C:\Users\SIDHARTH\Desktop\Data\IMG\right_2020_07_24_15_49_05_473.jpg,0,0,0,20.71653
C:\Users\SIDHARTH\Desktop\Data\IMG\center_2020_07_24_15_49_05_575.jpg, C:\Users\SIDHARTH\Desktop\Data\IMG\left_2020_07_24_15_49_05_575.jpg, C:\Users\SIDHARTH\Desktop\Data\IMG\right_2020_07_24_15_49_05_575.jpg,0,0,0,20.50306
C:\Users\SIDHARTH\Desktop\Data\IMG\center_2020_07_24_15_49_05_682.jpg, C:\Users\SIDHARTH\Desktop\Data\IMG\left_2020_07_24_15_49_05_682.jpg, C:\Users\SIDHARTH\Desktop\Data\IMG\right_2020_07_24_15_49_05_682.jpg,0,0,0,20.30442
C:\Users\SIDHARTH\Desktop\Data\IMG\center_2020_07_24_15_49_05_791.jpg, C:\Users\SIDHARTH\Desktop\Data\IMG\left_2020_07_24_15_49_05_791.jpg, C:\Users\SIDHARTH\Desktop\Data\IMG\right_2020_07_24_15_49_05_791.jpg,0,0,0,20.0635
C:\Users\SIDHARTH\Desktop\Data\IMG\center_2020_07_24_15_49_05_903.jpg, C:\Users\SIDHARTH\Desktop\Data\IMG\left_2020_07_24_15_49_05_903.jpg, C:\Users\SIDHARTH\Desktop\Data\IMG\right_2020_07_24_15_49_05_903.jpg,0,0,0,19.83534
C:\Users\SIDHARTH\Desktop\Data\IMG\center_2020_07_24_15_49_15_909.jpg, C:\Users\SIDHARTH\Desktop\Data\IMG\left_2020_07_24_15_49_15_909.jpg, C:\Users\SIDHARTH\Desktop\Data\IMG\right_2020_07_24_15_49_15_909.jpg,0,0.03020146,0,27.96387
C:\Users\SIDHARTH\Desktop\Data\IMG\center_2020_07_24_15_49_16_017.jpg, C:\Users\SIDHARTH\Desktop\Data\IMG\left_2020_07_24_15_49_16_017.jpg, C:\Users\SIDHARTH\Desktop\Data\IMG\right_2020_07_24_15_49_16_017.jpg,0,0,0,27.69149
C:\Users\SIDHARTH\Desktop\Data\IMG\center_2020_07_24_15_49_16_123.jpg, C:\Users\SIDHARTH\Desktop\Data\IMG\left_2020_07_24_15_49_16_123.jpg, C:\Users\SIDHARTH\Desktop\Data\IMG\right_2020_07_24_15_49_16_123.jpg,0,0,0,27.41319
C:\Users\SIDHARTH\Desktop\Data\IMG\center_2020_07_24_15_49_16_231.jpg, C:\Users\SIDHARTH\Desktop\Data\IMG\left_2020_07_24_15_49_16_231.jpg, C:\Users\SIDHARTH\Desktop\Data\IMG\right_2020_07_24_15_49_16_231.jpg,-0.322734,0,0,27.00967
C:\Users\SIDHARTH\Desktop\Data\IMG\center_2020_07_24_15_49_16_347.jpg, C:\Users\SIDHARTH\Desktop\Data\IMG\left_2020_07_24_15_49_16_347.jpg, C:\Users\SIDHARTH\Desktop\Data\IMG\right_2020_07_24_15_49_16_347.jpg,-0.6677238,0,0,26.38872
C:\Users\SIDHARTH\Desktop\Data\IMG\center_2020_07_24_15_49_16_449.jpg, C:\Users\SIDHARTH\Desktop\Data\IMG\left_2020_07_24_15_49_16_449.jpg, C:\Users\SIDHARTH\Desktop\Data\IMG\right_2020_07_24_15_49_16_449.jpg,-0.3605963,0,0,26.02657
C:\Users\SIDHARTH\Desktop\Data\IMG\center_2020_07_24_15_49_16_559.jpg, C:\Users\SIDHARTH\Desktop\Data\IMG\left_2020_07_24_15_49_16_559.jpg, C:\Users\SIDHARTH\Desktop\Data\IMG\right_2020_07_24_15_49_16_559.jpg,-0.02929006,0,0,25.77341
C:\Users\SIDHARTH\Desktop\Data\IMG\center_2020_07_24_15_49_16_660.jpg, C:\Users\SIDHARTH\Desktop\Data\IMG\left_2020_07_24_15_49_16_660.jpg, C:\Users\SIDHARTH\Desktop\Data\IMG\right_2020_07_24_15_49_16_660.jpg,0,0,0,25.4977
C:\Users\SIDHARTH\Desktop\Data\IMG\center_2020_07_24_15_49_16_772.jpg, C:\Users\SIDHARTH\Desktop\Data\IMG\left_2020_07_24_15_49_16_772.jpg, C:\Users\SIDHARTH\Desktop\Data\IMG\right_2020_07_24_15_49_16_772.jpg,0,0,0,25.18871
C:\Users\SIDHARTH\Desktop\Data\IMG\center_2020_07_24_15_49_16_885.jpg, C:\Users\SIDHARTH\Desktop\Data\IMG\left_2020_07_24_15_49_16_885.jpg, C:\Users\SIDHARTH\Desktop\Data\IMG\right_2020_07_24_15_49_16_885.jpg,0,0,0,24.93569
C:\Users\SIDHARTH\Desktop\Data\IMG\center_2020_07_24_15_49_16_990.jpg, C:\Users\SIDHARTH\Desktop\Data\IMG\left_2020_07_24_15_49_16_990.jpg, C:\Users\SIDHARTH\Desktop\Data\IMG\right_2020_07_24_15_49_16_990.jpg,0,0,0,24.63528
C:\Users\SIDHARTH\Desktop\Data\IMG\center_2020_07_24_15_49_17_096.jpg, C:\Users\SIDHARTH\Desktop\Data\IMG\left_2020_07_24_15_49_17_096.jpg, C:\Users\SIDHARTH\Desktop\Data\IMG\right_2020_07_24_15_49_17_096.jpg,0,0,0,24.38581
C:\Users\SIDHARTH\Desktop\Data\IMG\center_2020_07_24_15_49_17_199.jpg, C:\Users\SIDHARTH\Desktop\Data\IMG\left_2020_07_24_15_49_17_199.jpg, C:\Users\SIDHARTH\Desktop\Data\IMG\right_2020_07_24_15_49_17_199.jpg,0,0,0,24.13901
C:\Users\SIDHARTH\Desktop\Data\IMG\center_2020_07_24_15_49_17_301.jpg, C:\Users\SIDHARTH\Desktop\Data\IMG\left_2020_07_24_15_49_17_301.jpg, C:\Users\SIDHARTH\Desktop\Data\IMG\right_2020_07_24_15_49_17_301.jpg,0,0,0,23.89397
C:\Users\SIDHARTH\Desktop\Data\IMG\center_2020_07_24_15_49_17_406.jpg, C:\Users\SIDHARTH\Desktop\Data\IMG\left_2020_07_24_15_49_17_406.jpg, C:\Users\SIDHARTH\Desktop\Data\IMG\right_2020_07_24_15_49_17_406.jpg,0,0,0,23.65507
C:\Users\SIDHARTH\Desktop\Data\IMG\center_2020_07_24_15_49_17_620.jpg, C:\Users\SIDHARTH\Desktop\Data\IMG\left_2020_07_24_15_49_17_620.jpg, C:\Users\SIDHARTH\Desktop\Data\IMG\right_2020_07_24_15_49_17_620.jpg,0.6335272,0,0,22.53059
C:\Users\SIDHARTH\Desktop\Data\IMG\center_2020_07_24_15_49_17_719.jpg, C:\Users\SIDHARTH\Desktop\Data\IMG\left_2020_07_24_15_49_17_719.jpg, C:\Users\SIDHARTH\Desktop\Data\IMG\right_2020_07_24_15_49_17_719.jpg,0.3276483,0,0,22.23764
C:\Users\SIDHARTH\Desktop\Data\IMG\center_2020_07_24_15_49_17_829.jpg, C:\Users\SIDHARTH\Desktop\Data\IMG\left_2020_07_24_15_49_17_829.jpg, C:\Users\SIDHARTH\Desktop\Data\IMG\right_2020_07_24_15_49_17_829.jpg,0,0,0,21.91873
C:\Users\SIDHARTH\Desktop\Data\IMG\center_2020_07_24_15_49_17_938.jpg, C:\Users\SIDHARTH\Desktop\Data\IMG\left_2020_07_24_15_49_17_938.jpg, C:\Users\SIDHARTH\Desktop\Data\IMG\right_2020_07_24_15_49_17_938.jpg,0,0,0,21.85607
C:\Users\SIDHARTH\Desktop\Data\IMG\center_2020_07_24_15_49_18_046.jpg, C:\Users\SIDHARTH\Desktop\Data\IMG\left_2020_07_24_15_49_18_046.jpg, C:\Users\SIDHARTH\Desktop\Data\IMG\right_2020_07_24_15_49_18_046.jpg,0,0,0,21.47166
C:\Users\SIDHARTH\Desktop\Data\IMG\center_2020_07_24_15_49_18_158.jpg, C:\Users\SIDHARTH\Desktop\Data\IMG\left_2020_07_24_15_49_18_158.jpg, C:\Users\SIDHARTH\Desktop\Data\IMG\right_2020_07_24_15_49_18_158.jpg,-0.03684773,0,0,21.20602
C:\Users\SIDHARTH\Desktop\Data\IMG\center_2020_07_24_15_49_18_259.jpg, C:\Users\SIDHARTH\Desktop\Data\IMG\left_2020_07_24_15_49_18_259.jpg, C:\Users\SIDHARTH\Desktop\Data\IMG\right_2020_07_24_15_49_18_259.jpg,-0.3389332,0,0,21.08694
C:\Users\SIDHARTH\Desktop\Data\IMG\center_2020_07_24_15_49_18_366.jpg, C:\Users\SIDHARTH\Desktop\Data\IMG\left_2020_07_24_15_49_18_366.jpg, C:\Users\SIDHARTH\Desktop\Data\IMG\right_2020_07_24_15_49_18_366.jpg,-0.04959372,0,0,20.649
C:\Users\SIDHARTH\Desktop\Data\IMG\center_2020_07_24_15_49_18_476.jpg, C:\Users\SIDHARTH\Desktop\Data\IMG\left_2020_07_24_15_49_18_476.jpg, C:\Users\SIDHARTH\Desktop\Data\IMG\right_2020_07_24_15_49_18_476.jpg,0,0,0,20.35435
C:\Users\SIDHARTH\Desktop\Data\IMG\center_2020_07_24_15_49_18_584.jpg, C:\Users\SIDHARTH\Desktop\Data\IMG\left_2020_07_24_15_49_18_584.jpg, C:\Users\SIDHARTH\Desktop\Data\IMG\right_2020_07_24_15_49_18_584.jpg,0,0,0,20.46297
C:\Users\SIDHARTH\Desktop\Data\IMG\center_2020_07_24_15_49_18_686.jpg, C:\Users\SIDHARTH\Desktop\Data\IMG\left_2020_07_24_15_49_18_686.jpg, C:\Users\SIDHARTH\Desktop\Data\IMG\right_2020_07_24_15_49_18_686.jpg,0,0,0,19.92419
C:\Users\SIDHARTH\Desktop\Data\IMG\center_2020_07_24_15_49_18_797.jpg, C:\Users\SIDHARTH\Desktop\Data\IMG\left_2020_07_24_15_49_18_797.jpg, C:\Users\SIDHARTH\Desktop\Data\IMG\right_2020_07_24_15_49_18_797.jpg,-0.325245,0,0,19.56433
C:\Users\SIDHARTH\Desktop\Data\IMG\center_2020_07_24_15_49_18_912.jpg, C:\Users\SIDHARTH\Desktop\Data\IMG\left_2020_07_24_15_49_18_912.jpg, C:\Users\SIDHARTH\Desktop\Data\IMG\right_2020_07_24_15_49_18_912.jpg,-0.6717928,0,0,19.05489
C:\Users\SIDHARTH\Desktop\Data\IMG\center_2020_07_24_15_49_19_017.jpg, C:\Users\SIDHARTH\Desktop\Data\IMG\left_2020_07_24_15_49_19_017.jpg, C:\Users\SIDHARTH\Desktop\Data\IMG\right_2020_07_24_15_49_19_017.jpg,-0.3499179,0,0,19.2421
C:\Users\SIDHARTH\Desktop\Data\IMG\center_2020_07_24_15_49_19_125.jpg, C:\Users\SIDHARTH\Desktop\Data\IMG\left_2020_07_24_15_49_19_125.jpg, C:\Users\SIDHARTH\Desktop\Data\IMG\right_2020_07_24_15_49_19_125.jpg,-0.02814308,0,0,18.63968
C:\Users\SIDHARTH\Desktop\Data\IMG\center_2020_07_24_15_49_25_098.jpg, C:\Users\SIDHARTH\Desktop\Data\IMG\left_2020_07_24_15_49_25_098.jpg, C:\Users\SIDHARTH\Desktop\Data\IMG\right_2020_07_24_15_49_25_098.jpg,-0.1342277,0.6942211,0,30.11643
C:\Users\SIDHARTH\Desktop\Data\IMG\center_2020_07_24_15_49_25_203.jpg, C:\Users\SIDHARTH\Desktop\Data\IMG\left_2020_07_24_15_49_25_203.jpg, C:\Users\SIDHARTH\Desktop\Data\IMG\right_2020_07_24_15_49_25_203.jpg,-0.1392928,0.3807799,0,30.04313
C:\Users\SIDHARTH\Desktop\Data\IMG\center_2020_07_24_15_49_25_309.jpg, C:\Users\SIDHARTH\Desktop\Data\IMG\left_2020_07_24_15_49_25_309.jpg, C:\Users\SIDHARTH\Desktop\Data\IMG\right_2020_07_24_15_49_25_309.jpg,0,0.1068052,0,29.92702
C:\Users\SIDHARTH\Desktop\Data\IMG\center_2020_07_24_15_49_25_423.jpg, C:\Users\SIDHARTH\Desktop\Data\IMG\left_2020_07_24_15_49_25_423.jpg, C:\Users\SIDHARTH\Desktop\Data\IMG\right_2020_07_24_15_49_25_423.jpg,0,0,0,29.5814
C:\Users\SIDHARTH\Desktop\Data\IMG\center_2020_07_24_15_49_25_531.jpg, C:\Users\SIDHARTH\Desktop\Data\IMG\left_2020_07_24_15_49_25_531.jpg, C:\Users\SIDHARTH\Desktop\Data\IMG\right_2020_07_24_15_49_25_531.jpg,0,0,0,29.28281
C:\Users\SIDHARTH\Desktop\Data\IMG\center_2020_07_24_15_49_25_639.jpg, C:\Users\SIDHARTH\Desktop\Data\IMG\left_2020_07_24_15_49_25_639.jpg, C:\Users\SIDHARTH\Desktop\Data\IMG\right_2020_07_24_15_49_25_639.jpg,0,0,0,28.92851
C:\Users\SIDHARTH\Desktop\Data\IMG\center_2020_07_24_15_49_25_744.jpg, C:\Users\SIDHARTH\Desktop\Data\IMG\left_2020_07_24_15_49_25_744.jpg, C:\Users\SIDHARTH\Desktop\Data\IMG\right_2020_07_24_15_49_25_744.jpg,0,0,0,28.63655
C:\Users\SIDHARTH\Desktop\Data\IMG\center_2020_07_24_15_49_25_877.jpg, C:\Users\SIDHARTH\Desktop\Data\IMG\left_2020_07_24_15_49_25_877.jpg, C:\Users\SIDHARTH\Desktop\Data\IMG\right_2020_07_24_15_49_25_877.jpg,0,0.3950685,0,28.83382
C:\Users\SIDHARTH\Desktop\Data\IMG\center_2020_07_24_15_49_25_997.jpg, C:\Users\SIDHARTH\Desktop\Data\IMG\left_2020_07_24_15_49_25_997.jpg, C:\Users\SIDHARTH\Desktop\Data\IMG\right_2020_07_24_15_49_25_997.jpg,0,0.7583436,0,29.40837
C:\Users\SIDHARTH\Desktop\Data\IMG\center_2020_07_24_15_49_26_110.jpg, C:\Users\SIDHARTH\Desktop\Data\IMG\left_2020_07_24_15_49_26_110.jpg, C:\Users\SIDHARTH\Desktop\Data\IMG\right_2020_07_24_15_49_26_110.jpg,0,1,0,30.18563
C:\Users\SIDHARTH\Desktop\Data\IMG\center_2020_07_24_15_49_26_224.jpg, C:\Users\SIDHARTH\Desktop\Data\IMG\left_2020_07_24_15_49_26_224.jpg, C:\Users\SIDHARTH\Desktop\Data\IMG\right_2020_07_24_15_49_26_224.jpg,0,1,0,30.18999
C:\Users\SIDHARTH\Desktop\Data\IMG\center_2020_07_24_15_49_26_340.jpg, C:\Users\SIDHARTH\Desktop\Data\IMG\left_2020_07_24_15_49_26_340.jpg, C:\Users\SIDHARTH\Desktop\Data\IMG\right_2020_07_24_15_49_26_340.jpg,0,1,0,30.18999
C:\Users\SIDHARTH\Desktop\Data\IMG\center_2020_07_24_15_49_26_458.jpg, C:\Users\SIDHARTH\Desktop\Data\IMG\left_2020_07_24_15_49_26_458.jpg, C:\Users\SIDHARTH\Desktop\Data\IMG\right_2020_07_24_15_49_26_458.jpg,0,1,0,30.19
C:\Users\SIDHARTH\Desktop\Data\IMG\center_2020_07_24_15_49_26_561.jpg, C:\Users\SIDHARTH\Desktop\Data\IMG\left_2020_07_24_15_49_26_561.jpg, C:\Users\SIDHARTH\Desktop\Data\IMG\right_2020_07_24_15_49_26_561.jpg,0,1,0,30.19002
C:\Users\SIDHARTH\Desktop\Data\IMG\center_2020_07_24_15_49_26_666.jpg, C:\Users\SIDHARTH\Desktop\Data\IMG\left_2020_07_24_15_49_26_666.jpg, C:\Users\SIDHARTH\Desktop\Data\IMG\right_2020_07_24_15_49_26_666.jpg,0,1,0,30.18999
C:\Users\SIDHARTH\Desktop\Data\IMG\center_2020_07_24_15_49_26_768.jpg, C:\Users\SIDHARTH\Desktop\Data\IMG\left_2020_07_24_15_49_26_768.jpg, C:\Users\SIDHARTH\Desktop\Data\IMG\right_2020_07_24_15_49_26_768.jpg,0,1,0,30.19
C:\Users\SIDHARTH\Desktop\Data\IMG\center_2020_07_24_15_49_26_879.jpg, C:\Users\SIDHARTH\Desktop\Data\IMG\left_2020_07_24_15_49_26_879.jpg, C:\Users\SIDHARTH\Desktop\Data\IMG\right_2020_07_24_15_49_26_879.jpg,0,1,0,30.06103
C:\Users\SIDHARTH\Desktop\Data\IMG\center_2020_07_24_15_49_26_989.jpg, C:\Users\SIDHARTH\Desktop\Data\IMG\left_2020_07_24_15_49_26_989.jpg, C:\Users\SIDHARTH\Desktop\Data\IMG\right_2020_07_24_15_49_26_989.jpg,0,0.9532914,0,30.19198
C:\Users\SIDHARTH\Desktop\Data\IMG\center_2020_07_24_15_49_27_090.jpg, C:\Users\SIDHARTH\Desktop\Data\IMG\left_2020_07_24_15_49_27_090.jpg, C:\Users\SIDHARTH\Desktop\Data\IMG\right_2020_07_24_15_49_27_090.jpg,0,0.6428184,0,30.12054
C:\Users\SIDHARTH\Desktop\Data\IMG\center_2020_07_24_15_49_27_195.jpg, C:\Users\SIDHARTH\Desktop\Data\IMG\left_2020_07_24_15_49_27_195.jpg, C:\Users\SIDHARTH\Desktop\Data\IMG\right_2020_07_24_15_49_27_195.jpg,0,0.3279361,0,29.59152
C:\Users\SIDHARTH\Desktop\Data\IMG\center_2020_07_24_15_49_27_307.jpg, C:\Users\SIDHARTH\Desktop\Data\IMG\left_2020_07_24_15_49_27_307.jpg, C:\Users\SIDHARTH\Desktop\Data\IMG\right_2020_07_24_15_49_27_307.jpg,0,0,0,29.74076
C:\Users\SIDHARTH\Desktop\Data\IMG\center_2020_07_24_15_49_27_657.jpg, C:\Users\SIDHARTH\Desktop\Data\IMG\left_2020_07_24_15_49_27_657.jpg, C:\Users\SIDHARTH\Desktop\Data\IMG\right_2020_07_24_15_49_27_657.jpg,-1,1,0,30.10044
C:\Users\SIDHARTH\Desktop\Data\IMG\center_2020_07_24_15_49_27_765.jpg, C:\Users\SIDHARTH\Desktop\Data\IMG\left_2020_07_24_15_49_27_765.jpg, C:\Users\SIDHARTH\Desktop\Data\IMG\right_2020_07_24_15_49_27_765.jpg,-1,0.6638888,0,30.07425
C:\Users\SIDHARTH\Desktop\Data\IMG\center_2020_07_24_15_49_27_875.jpg, C:\Users\SIDHARTH\Desktop\Data\IMG\left_2020_07_24_15_49_27_875.jpg, C:\Users\SIDHARTH\Desktop\Data\IMG\right_2020_07_24_15_49_27_875.jpg,-0.9497997,0.3336017,0,30.00098
C:\Users\SIDHARTH\Desktop\Data\IMG\center_2020_07_24_15_49_27_992.jpg, C:\Users\SIDHARTH\Desktop\Data\IMG\left_2020_07_24_15_49_27_992.jpg, C:\Users\SIDHARTH\Desktop\Data\IMG\right_2020_07_24_15_49_27_992.jpg,-0.598898,0,0,29.86603
C:\Users\SIDHARTH\Desktop\Data\IMG\center_2020_07_24_15_49_28_095.jpg, C:\Users\SIDHARTH\Desktop\Data\IMG\left_2020_07_24_15_49_28_095.jpg, C:\Users\SIDHARTH\Desktop\Data\IMG\right_2020_07_24_15_49_28_095.jpg,-0.2879462,0,0,29.65271
C:\Users\SIDHARTH\Desktop\Data\IMG\center_2020_07_24_15_49_35_455.jpg, C:\Users\SIDHARTH\Desktop\Data\IMG\left_2020_07_24_15_49_35_455.jpg, C:\Users\SIDHARTH\Desktop\Data\IMG\right_2020_07_24_15_49_35_455.jpg,0,1,0,0.06031065
C:\Users\SIDHARTH\Desktop\Data\IMG\center_2020_07_24_15_49_35_559.jpg, C:\Users\SIDHARTH\Desktop\Data\IMG\left_2020_07_24_15_49_35_559.jpg, C:\Users\SIDHARTH\Desktop\Data\IMG\right_2020_07_24_15_49_35_559.jpg,0,1,0,0.0349674
C:\Users\SIDHARTH\Desktop\Data\IMG\center_2020_07_24_15_49_35_667.jpg, C:\Users\SIDHARTH\Desktop\Data\IMG\left_2020_07_24_15_49_35_667.jpg, C:\Users\SIDHARTH\Desktop\Data\IMG\right_2020_07_24_15_49_35_667.jpg,0,1,0,0.1306868
C:\Users\SIDHARTH\Desktop\Data\IMG\center_2020_07_24_15_49_35_771.jpg, C:\Users\SIDHARTH\Desktop\Data\IMG\left_2020_07_24_15_49_35_771.jpg, C:\Users\SIDHARTH\Desktop\Data\IMG\right_2020_07_24_15_49_35_771.jpg,0,1,0,0.02141289
C:\Users\SIDHARTH\Desktop\Data\IMG\center_2020_07_24_15_49_35_873.jpg, C:\Users\SIDHARTH\Desktop\Data\IMG\left_2020_07_24_15_49_35_873.jpg, C:\Users\SIDHARTH\Desktop\Data\IMG\right_2020_07_24_15_49_35_873.jpg,0,1,0,0.009889834
C:\Users\SIDHARTH\Desktop\Data\IMG\center_2020_07_24_15_49_35_982.jpg, C:\Users\SIDHARTH\Desktop\Data\IMG\left_2020_07_24_15_49_35_982.jpg, C:\Users\SIDHARTH\Desktop\Data\IMG\right_2020_07_24_15_49_35_982.jpg,0,1,0,0.007222408
C:\Users\SIDHARTH\Desktop\Data\IMG\center_2020_07_24_15_49_36_091.jpg, C:\Users\SIDHARTH\Desktop\Data\IMG\left_2020_07_24_15_49_36_091.jpg, C:\Users\SIDHARTH\Desktop\Data\IMG\right_2020_07_24_15_49_36_091.jpg,0,1,0,0.003436971
C:\Users\SIDHARTH\Desktop\Data\IMG\center_2020_07_24_15_49_36_201.jpg, C:\Users\SIDHARTH\Desktop\Data\IMG\left_2020_07_24_15_49_36_201.jpg, C:\Users\SIDHARTH\Desktop\Data\IMG\right_2020_07_24_15_49_36_201.jpg,0,1,0,0.001940799
C:\Users\SIDHARTH\Desktop\Data\IMG\center_2020_07_24_15_49_36_301.jpg, C:\Users\SIDHARTH\Desktop\Data\IMG\left_2020_07_24_15_49_36_301.jpg, C:\Users\SIDHARTH\Desktop\Data\IMG\right_2020_07_24_15_49_36_301.jpg,0,0.9644409,0,0.00158293
C:\Users\SIDHARTH\Desktop\Data\IMG\center_2020_07_24_15_49_36_402.jpg, C:\Users\SIDHARTH\Desktop\Data\IMG\left_2020_07_24_15_49_36_402.jpg, C:\Users\SIDHARTH\Desktop\Data\IMG\right_2020_07_24_15_49_36_402.jpg,0,0.6651312,0,0.002057184
C:\Users\SIDHARTH\Desktop\Data\IMG\center_2020_07_24_15_49_36_511.jpg, C:\Users\SIDHARTH\Desktop\Data\IMG\left_2020_07_24_15_49_36_511.jpg, C:\Users\SIDHARTH\Desktop\Data\IMG\right_2020_07_24_15_49_36_511.jpg,0,0,0,0.001742996
C:\Users\SIDHARTH\Desktop\Data\IMG\center_2020_07_24_15_49_36_610.jpg, C:\Users\SIDHARTH\Desktop\Data\IMG\left_2020_07_24_15_49_36_610.jpg, C:\Users\SIDHARTH\Desktop\Data\IMG\right_2020_07_24_15_49_36_610.jpg,0,0,0.3025566,0.001968019
C:\Users\SIDHARTH\Desktop\Data\IMG\center_2020_07_24_15_49_36_751.jpg, C:\Users\SIDHARTH\Desktop\Data\IMG\left_2020_07_24_15_49_36_751.jpg, C:\Users\SIDHARTH\Desktop\Data\IMG\right_2020_07_24_15_49_36_751.jpg,0,0,0.7201241,0.001911744
C:\Users\SIDHARTH\Desktop\Data\IMG\center_2020_07_24_15_49_36_851.jpg, C:\Users\SIDHARTH\Desktop\Data\IMG\left_2020_07_24_15_49_36_851.jpg, C:\Users\SIDHARTH\Desktop\Data\IMG\right_2020_07_24_15_49_36_851.jpg,0,0,1,0.01770617
C:\Users\SIDHARTH\Desktop\Data\IMG\center_2020_07_24_15_49_42_053.jpg, C:\Users\SIDHARTH\Desktop\Data\IMG\left_2020_07_24_15_49_42_053.jpg, C:\Users\SIDHARTH\Desktop\Data\IMG\right_2020_07_24_15_49_42_053.jpg,0,0,0,0.001154725
C:\Users\SIDHARTH\Desktop\Data\IMG\center_2020_07_24_15_49_42_163.jpg, C:\Users\SIDHARTH\Desktop\Data\IMG\left_2020_07_24_15_49_42_163.jpg, C:\Users\SIDHARTH\Desktop\Data\IMG\right_2020_07_24_15_49_42_163.jpg,0,0,0,0.000773364
C:\Users\SIDHARTH\Desktop\Data\IMG\center_2020_07_24_15_49_42_596.jpg, C:\Users\SIDHARTH\Desktop\Data\IMG\left_2020_07_24_15_49_42_596.jpg, C:\Users\SIDHARTH\Desktop\Data\IMG\right_2020_07_24_15_49_42_596.jpg,0,0,0,0.000451351
C:\Users\SIDHARTH\Desktop\Data\IMG\center_2020_07_24_15_49_54_460.jpg, C:\Users\SIDHARTH\Desktop\Data\IMG\left_2020_07_24_15_49_54_460.jpg, C:\Users\SIDHARTH\Desktop\Data\IMG\right_2020_07_24_15_49_54_460.jpg,0,0,0,8.43E-05
C:\Users\SIDHARTH\Desktop\Data\IMG\center_2020_07_24_15_49_54_566.jpg, C:\Users\SIDHARTH\Desktop\Data\IMG\left_2020_07_24_15_49_54_566.jpg, C:\Users\SIDHARTH\Desktop\Data\IMG\right_2020_07_24_15_49_54_566.jpg,0,0,0,7.83E-05
C:\Users\SIDHARTH\Desktop\Data\IMG\center_2020_07_24_15_49_54_680.jpg, C:\Users\SIDHARTH\Desktop\Data\IMG\left_2020_07_24_15_49_54_680.jpg, C:\Users\SIDHARTH\Desktop\Data\IMG\right_2020_07_24_15_49_54_680.jpg,0,0,0,7.89E-05
C:\Users\SIDHARTH\Desktop\Data\IMG\center_2020_07_24_15_49_54_783.jpg, C:\Users\SIDHARTH\Desktop\Data\IMG\left_2020_07_24_15_49_54_783.jpg, C:\Users\SIDHARTH\Desktop\Data\IMG\right_2020_07_24_15_49_54_783.jpg,0,0,0,7.89E-05
C:\Users\SIDHARTH\Desktop\Data\IMG\center_2020_07_24_15_49_54_892.jpg, C:\Users\SIDHARTH\Desktop\Data\IMG\left_2020_07_24_15_49_54_892.jpg, C:\Users\SIDHARTH\Desktop\Data\IMG\right_2020_07_24_15_49_54_892.jpg,0,0,0,7.96E-05
C:\Users\SIDHARTH\Desktop\Data\IMG\center_2020_07_24_15_49_54_998.jpg, C:\Users\SIDHARTH\Desktop\Data\IMG\left_2020_07_24_15_49_54_998.jpg, C:\Users\SIDHARTH\Desktop\Data\IMG\right_2020_07_24_15_49_54_998.jpg,0,0,0,8.28E-05
C:\Users\SIDHARTH\Desktop\Data\IMG\center_2020_07_24_15_49_55_109.jpg, C:\Users\SIDHARTH\Desktop\Data\IMG\left_2020_07_24_15_49_55_109.jpg, C:\Users\SIDHARTH\Desktop\Data\IMG\right_2020_07_24_15_49_55_109.jpg,0,0,0,8.10E-05
C:\Users\SIDHARTH\Desktop\Data\IMG\center_2020_07_24_15_49_55_214.jpg, C:\Users\SIDHARTH\Desktop\Data\IMG\left_2020_07_24_15_49_55_214.jpg, C:\Users\SIDHARTH\Desktop\Data\IMG\right_2020_07_24_15_49_55_214.jpg,0,0,0,7.89E-05
C:\Users\SIDHARTH\Desktop\Data\IMG\center_2020_07_24_15_49_55_321.jpg, C:\Users\SIDHARTH\Desktop\Data\IMG\left_2020_07_24_15_49_55_321.jpg, C:\Users\SIDHARTH\Desktop\Data\IMG\right_2020_07_24_15_49_55_321.jpg,0,0,0,7.84E-05
C:\Users\SIDHARTH\Desktop\Data\IMG\center_2020_07_24_15_49_55_433.jpg, C:\Users\SIDHARTH\Desktop\Data\IMG\left_2020_07_24_15_49_55_433.jpg, C:\Users\SIDHARTH\Desktop\Data\IMG\right_2020_07_24_15_49_55_433.jpg,0,0,0,8.20E-05
C:\Users\SIDHARTH\Desktop\Data\IMG\center_2020_07_24_15_49_55_538.jpg, C:\Users\SIDHARTH\Desktop\Data\IMG\left_2020_07_24_15_49_55_538.jpg, C:\Users\SIDHARTH\Desktop\Data\IMG\right_2020_07_24_15_49_55_538.jpg,0,0,0,7.89E-05
C:\Users\SIDHARTH\Desktop\Data\IMG\center_2020_07_24_15_49_55_645.jpg, C:\Users\SIDHARTH\Desktop\Data\IMG\left_2020_07_24_15_49_55_645.jpg, C:\Users\SIDHARTH\Desktop\Data\IMG\right_2020_07_24_15_49_55_645.jpg,0,0,0,8.13E-05
C:\Users\SIDHARTH\Desktop\Data\IMG\center_2020_07_24_15_49_55_766.jpg, C:\Users\SIDHARTH\Desktop\Data\IMG\left_2020_07_24_15_49_55_766.jpg, C:\Users\SIDHARTH\Desktop\Data\IMG\right_2020_07_24_15_49_55_766.jpg,0,0,0,8.44E-05
C:\Users\SIDHARTH\Desktop\Data\IMG\center_2020_07_24_15_49_55_875.jpg, C:\Users\SIDHARTH\Desktop\Data\IMG\left_2020_07_24_15_49_55_875.jpg, C:\Users\SIDHARTH\Desktop\Data\IMG\right_2020_07_24_15_49_55_875.jpg,0,0,0,8.04E-05
C:\Users\SIDHARTH\Desktop\Data\IMG\center_2020_07_24_15_49_55_979.jpg, C:\Users\SIDHARTH\Desktop\Data\IMG\left_2020_07_24_15_49_55_979.jpg, C:\Users\SIDHARTH\Desktop\Data\IMG\right_2020_07_24_15_49_55_979.jpg,0,0,0,7.89E-05
C:\Users\SIDHARTH\Desktop\Data\IMG\center_2020_07_24_15_49_56_098.jpg, C:\Users\SIDHARTH\Desktop\Data\IMG\left_2020_07_24_15_49_56_098.jpg, C:\Users\SIDHARTH\Desktop\Data\IMG\right_2020_07_24_15_49_56_098.jpg,0,0,0,8.08E-05
C:\Users\SIDHARTH\Desktop\Data\IMG\center_2020_07_24_15_49_56_201.jpg, C:\Users\SIDHARTH\Desktop\Data\IMG\left_2020_07_24_15_49_56_201.jpg, C:\Users\SIDHARTH\Desktop\Data\IMG\right_2020_07_24_15_49_56_201.jpg,0,0,0,8.00E-05
C:\Users\SIDHARTH\Desktop\Data\IMG\center_2020_07_24_15_49_56_306.jpg, C:\Users\SIDHARTH\Desktop\Data\IMG\left_2020_07_24_15_49_56_306.jpg, C:\Users\SIDHARTH\Desktop\Data\IMG\right_2020_07_24_15_49_56_306.jpg,0,0,0,7.82E-05
C:\Users\SIDHARTH\Desktop\Data\IMG\center_2020_07_24_15_49_56_407.jpg, C:\Users\SIDHARTH\Desktop\Data\IMG\left_2020_07_24_15_49_56_407.jpg, C:\Users\SIDHARTH\Desktop\Data\IMG\right_2020_07_24_15_49_56_407.jpg,0,0,0,7.96E-05
C:\Users\SIDHARTH\Desktop\Data\IMG\center_2020_07_24_15_49_56_508.jpg, C:\Users\SIDHARTH\Desktop\Data\IMG\left_2020_07_24_15_49_56_508.jpg, C:\Users\SIDHARTH\Desktop\Data\IMG\right_2020_07_24_15_49_56_508.jpg,0,0,0,8.03E-05
C:\Users\SIDHARTH\Desktop\Data\IMG\center_2020_07_24_15_49_56_622.jpg, C:\Users\SIDHARTH\Desktop\Data\IMG\left_2020_07_24_15_49_56_622.jpg, C:\Users\SIDHARTH\Desktop\Data\IMG\right_2020_07_24_15_49_56_622.jpg,-0.04460247,0,0,7.98E-05
C:\Users\SIDHARTH\Desktop\Data\IMG\center_2020_07_24_15_49_56_731.jpg, C:\Users\SIDHARTH\Desktop\Data\IMG\left_2020_07_24_15_49_56_731.jpg, C:\Users\SIDHARTH\Desktop\Data\IMG\right_2020_07_24_15_49_56_731.jpg,-0.2518128,0,0,9.03E-05
C:\Users\SIDHARTH\Desktop\Data\IMG\center_2020_07_24_15_49_56_831.jpg, C:\Users\SIDHARTH\Desktop\Data\IMG\left_2020_07_24_15_49_56_831.jpg, C:\Users\SIDHARTH\Desktop\Data\IMG\right_2020_07_24_15_49_56_831.jpg,0,0,0,7.83E-05
C:\Users\SIDHARTH\Desktop\Data\IMG\center_2020_07_24_15_49_56_938.jpg, C:\Users\SIDHARTH\Desktop\Data\IMG\left_2020_07_24_15_49_56_938.jpg, C:\Users\SIDHARTH\Desktop\Data\IMG\right_2020_07_24_15_49_56_938.jpg,0,0,0,8.21E-05
C:\Users\SIDHARTH\Desktop\Data\IMG\center_2020_07_24_15_49_57_041.jpg, C:\Users\SIDHARTH\Desktop\Data\IMG\left_2020_07_24_15_49_57_041.jpg, C:\Users\SIDHARTH\Desktop\Data\IMG\right_2020_07_24_15_49_57_041.jpg,0,0,0,7.81E-05
C:\Users\SIDHARTH\Desktop\Data\IMG\center_2020_07_24_15_49_57_150.jpg, C:\Users\SIDHARTH\Desktop\Data\IMG\left_2020_07_24_15_49_57_150.jpg, C:\Users\SIDHARTH\Desktop\Data\IMG\right_2020_07_24_15_49_57_150.jpg,0,0.1487657,0,0.07242007
C:\Users\SIDHARTH\Desktop\Data\IMG\center_2020_07_24_15_49_57_254.jpg, C:\Users\SIDHARTH\Desktop\Data\IMG\left_2020_07_24_15_49_57_254.jpg, C:\Users\SIDHARTH\Desktop\Data\IMG\right_2020_07_24_15_49_57_254.jpg,0,0.4615696,0,0.548326
C:\Users\SIDHARTH\Desktop\Data\IMG\center_2020_07_24_15_50_07_281.jpg, C:\Users\SIDHARTH\Desktop\Data\IMG\left_2020_07_24_15_50_07_281.jpg, C:\Users\SIDHARTH\Desktop\Data\IMG\right_2020_07_24_15_50_07_281.jpg,-0.6114253,0,0,15.3976
C:\Users\SIDHARTH\Desktop\Data\IMG\center_2020_07_24_15_50_07_386.jpg, C:\Users\SIDHARTH\Desktop\Data\IMG\left_2020_07_24_15_50_07_386.jpg, C:\Users\SIDHARTH\Desktop\Data\IMG\right_2020_07_24_15_50_07_386.jpg,-0.5940745,0,0,15.09588
C:\Users\SIDHARTH\Desktop\Data\IMG\center_2020_07_24_15_50_07_487.jpg, C:\Users\SIDHARTH\Desktop\Data\IMG\left_2020_07_24_15_50_07_487.jpg, C:\Users\SIDHARTH\Desktop\Data\IMG\right_2020_07_24_15_50_07_487.jpg,-0.2904988,0,0,14.98769
C:\Users\SIDHARTH\Desktop\Data\IMG\center_2020_07_24_15_50_07_587.jpg, C:\Users\SIDHARTH\Desktop\Data\IMG\left_2020_07_24_15_50_07_587.jpg, C:\Users\SIDHARTH\Desktop\Data\IMG\right_2020_07_24_15_50_07_587.jpg,0,0,0,14.81348
C:\Users\SIDHARTH\Desktop\Data\IMG\center_2020_07_24_15_50_07_696.jpg, C:\Users\SIDHARTH\Desktop\Data\IMG\left_2020_07_24_15_50_07_696.jpg, C:\Users\SIDHARTH\Desktop\Data\IMG\right_2020_07_24_15_50_07_696.jpg,0,0,0,14.61652
C:\Users\SIDHARTH\Desktop\Data\IMG\center_2020_07_24_15_50_07_808.jpg, C:\Users\SIDHARTH\Desktop\Data\IMG\left_2020_07_24_15_50_07_808.jpg, C:\Users\SIDHARTH\Desktop\Data\IMG\right_2020_07_24_15_50_07_808.jpg,0,0,0,14.45313
C:\Users\SIDHARTH\Desktop\Data\IMG\center_2020_07_24_15_50_07_922.jpg, C:\Users\SIDHARTH\Desktop\Data\IMG\left_2020_07_24_15_50_07_922.jpg, C:\Users\SIDHARTH\Desktop\Data\IMG\right_2020_07_24_15_50_07_922.jpg,0,0,0,14.27514
C:\Users\SIDHARTH\Desktop\Data\IMG\center_2020_07_24_15_50_08_246.jpg, C:\Users\SIDHARTH\Desktop\Data\IMG\left_2020_07_24_15_50_08_246.jpg, C:\Users\SIDHARTH\Desktop\Data\IMG\right_2020_07_24_15_50_08_246.jpg,0,0.9498413,0,17.28733
C:\Users\SIDHARTH\Desktop\Data\IMG\center_2020_07_24_15_50_08_340.jpg, C:\Users\SIDHARTH\Desktop\Data\IMG\left_2020_07_24_15_50_08_340.jpg, C:\Users\SIDHARTH\Desktop\Data\IMG\right_2020_07_24_15_50_08_340.jpg,0,1,0,18.52143
C:\Users\SIDHARTH\Desktop\Data\IMG\center_2020_07_24_15_50_08_446.jpg, C:\Users\SIDHARTH\Desktop\Data\IMG\left_2020_07_24_15_50_08_446.jpg, C:\Users\SIDHARTH\Desktop\Data\IMG\right_2020_07_24_15_50_08_446.jpg,0,1,0,19.39691
C:\Users\SIDHARTH\Desktop\Data\IMG\center_2020_07_24_15_50_08_556.jpg, C:\Users\SIDHARTH\Desktop\Data\IMG\left_2020_07_24_15_50_08_556.jpg, C:\Users\SIDHARTH\Desktop\Data\IMG\right_2020_07_24_15_50_08_556.jpg,0,1,0,20.63529
C:\Users\SIDHARTH\Desktop\Data\IMG\center_2020_07_24_15_50_08_663.jpg, C:\Users\SIDHARTH\Desktop\Data\IMG\left_2020_07_24_15_50_08_663.jpg, C:\Users\SIDHARTH\Desktop\Data\IMG\right_2020_07_24_15_50_08_663.jpg,0,1,0,21.71021
C:\Users\SIDHARTH\Desktop\Data\IMG\center_2020_07_24_15_50_08_763.jpg, C:\Users\SIDHARTH\Desktop\Data\IMG\left_2020_07_24_15_50_08_763.jpg, C:\Users\SIDHARTH\Desktop\Data\IMG\right_2020_07_24_15_50_08_763.jpg,0,1,0,22.66051
C:\Users\SIDHARTH\Desktop\Data\IMG\center_2020_07_24_15_50_08_875.jpg, C:\Users\SIDHARTH\Desktop\Data\IMG\left_2020_07_24_15_50_08_875.jpg, C:\Users\SIDHARTH\Desktop\Data\IMG\right_2020_07_24_15_50_08_875.jpg,0,1,0,23.84578
C:\Users\SIDHARTH\Desktop\Data\IMG\center_2020_07_24_15_50_08_982.jpg, C:\Users\SIDHARTH\Desktop\Data\IMG\left_2020_07_24_15_50_08_982.jpg, C:\Users\SIDHARTH\Desktop\Data\IMG\right_2020_07_24_15_50_08_982.jpg,0,1,0,24.81827
C:\Users\SIDHARTH\Desktop\Data\IMG\center_2020_07_24_15_50_09_096.jpg, C:\Users\SIDHARTH\Desktop\Data\IMG\left_2020_07_24_15_50_09_096.jpg, C:\Users\SIDHARTH\Desktop\Data\IMG\right_2020_07_24_15_50_09_096.jpg,0,1,0,25.96691
C:\Users\SIDHARTH\Desktop\Data\IMG\center_2020_07_24_15_50_09_197.jpg, C:\Users\SIDHARTH\Desktop\Data\IMG\left_2020_07_24_15_50_09_197.jpg, C:\Users\SIDHARTH\Desktop\Data\IMG\right_2020_07_24_15_50_09_197.jpg,0,0.6979191,0,26.71417
C:\Users\SIDHARTH\Desktop\Data\IMG\center_2020_07_24_15_50_09_303.jpg, C:\Users\SIDHARTH\Desktop\Data\IMG\left_2020_07_24_15_50_09_303.jpg, C:\Users\SIDHARTH\Desktop\Data\IMG\right_2020_07_24_15_50_09_303.jpg,0,0.3759734,0,27.07435
C:\Users\SIDHARTH\Desktop\Data\IMG\center_2020_07_24_15_50_09_414.jpg, C:\Users\SIDHARTH\Desktop\Data\IMG\left_2020_07_24_15_50_09_414.jpg, C:\Users\SIDHARTH\Desktop\Data\IMG\right_2020_07_24_15_50_09_414.jpg,0,0.08473406,0,27.03984
C:\Users\SIDHARTH\Desktop\Data\IMG\center_2020_07_24_15_50_09_519.jpg, C:\Users\SIDHARTH\Desktop\Data\IMG\left_2020_07_24_15_50_09_519.jpg, C:\Users\SIDHARTH\Desktop\Data\IMG\right_2020_07_24_15_50_09_519.jpg,0,0,0,26.7269
C:\Users\SIDHARTH\Desktop\Data\IMG\center_2020_07_24_15_50_09_667.jpg, C:\Users\SIDHARTH\Desktop\Data\IMG\left_2020_07_24_15_50_09_667.jpg, C:\Users\SIDHARTH\Desktop\Data\IMG\right_2020_07_24_15_50_09_667.jpg,0,0,0,26.35225
C:\Users\SIDHARTH\Desktop\Data\IMG\center_2020_07_24_15_50_09_778.jpg, C:\Users\SIDHARTH\Desktop\Data\IMG\left_2020_07_24_15_50_09_778.jpg, C:\Users\SIDHARTH\Desktop\Data\IMG\right_2020_07_24_15_50_09_778.jpg,-0.07260083,0,0,26.03218
C:\Users\SIDHARTH\Desktop\Data\IMG\center_2020_07_24_15_50_09_886.jpg, C:\Users\SIDHARTH\Desktop\Data\IMG\left_2020_07_24_15_50_09_886.jpg, C:\Users\SIDHARTH\Desktop\Data\IMG\right_2020_07_24_15_50_09_886.jpg,-0.398106,0,0,25.64359
C:\Users\SIDHARTH\Desktop\Data\IMG\center_2020_07_24_15_50_09_996.jpg, C:\Users\SIDHARTH\Desktop\Data\IMG\left_2020_07_24_15_50_09_996.jpg, C:\Users\SIDHARTH\Desktop\Data\IMG\right_2020_07_24_15_50_09_996.jpg,-0.4785508,0,0,25.09345
C:\Users\SIDHARTH\Desktop\Data\IMG\center_2020_07_24_15_50_10_106.jpg, C:\Users\SIDHARTH\Desktop\Data\IMG\left_2020_07_24_15_50_10_106.jpg, C:\Users\SIDHARTH\Desktop\Data\IMG\right_2020_07_24_15_50_10_106.jpg,-0.1489335,0,0,24.85968
C:\Users\SIDHARTH\Desktop\Data\IMG\center_2020_07_24_15_50_10_229.jpg, C:\Users\SIDHARTH\Desktop\Data\IMG\left_2020_07_24_15_50_10_229.jpg, C:\Users\SIDHARTH\Desktop\Data\IMG\right_2020_07_24_15_50_10_229.jpg,0,0,0,24.53265
C:\Users\SIDHARTH\Desktop\Data\IMG\center_2020_07_24_15_50_10_340.jpg, C:\Users\SIDHARTH\Desktop\Data\IMG\left_2020_07_24_15_50_10_340.jpg, C:\Users\SIDHARTH\Desktop\Data\IMG\right_2020_07_24_15_50_10_340.jpg,0,0,0,24.23522
C:\Users\SIDHARTH\Desktop\Data\IMG\center_2020_07_24_15_50_10_453.jpg, C:\Users\SIDHARTH\Desktop\Data\IMG\left_2020_07_24_15_50_10_453.jpg, C:\Users\SIDHARTH\Desktop\Data\IMG\right_2020_07_24_15_50_10_453.jpg,0,0,0,23.99178
C:\Users\SIDHARTH\Desktop\Data\IMG\center_2020_07_24_15_50_10_566.jpg, C:\Users\SIDHARTH\Desktop\Data\IMG\left_2020_07_24_15_50_10_566.jpg, C:\Users\SIDHARTH\Desktop\Data\IMG\right_2020_07_24_15_50_10_566.jpg,0,0,0,23.70299
C:\Users\SIDHARTH\Desktop\Data\IMG\center_2020_07_24_15_50_10_679.jpg, C:\Users\SIDHARTH\Desktop\Data\IMG\left_2020_07_24_15_50_10_679.jpg, C:\Users\SIDHARTH\Desktop\Data\IMG\right_2020_07_24_15_50_10_679.jpg,0,0,0,23.4177
C:\Users\SIDHARTH\Desktop\Data\IMG\center_2020_07_24_15_50_15_121.jpg, C:\Users\SIDHARTH\Desktop\Data\IMG\left_2020_07_24_15_50_15_121.jpg, C:\Users\SIDHARTH\Desktop\Data\IMG\right_2020_07_24_15_50_15_121.jpg,-0.3787045,0,0,17.1457
C:\Users\SIDHARTH\Desktop\Data\IMG\center_2020_07_24_15_50_15_224.jpg, C:\Users\SIDHARTH\Desktop\Data\IMG\left_2020_07_24_15_50_15_224.jpg, C:\Users\SIDHARTH\Desktop\Data\IMG\right_2020_07_24_15_50_15_224.jpg,-0.06940162,0,0,17.45871
C:\Users\SIDHARTH\Desktop\Data\IMG\center_2020_07_24_15_50_15_334.jpg, C:\Users\SIDHARTH\Desktop\Data\IMG\left_2020_07_24_15_50_15_334.jpg, C:\Users\SIDHARTH\Desktop\Data\IMG\right_2020_07_24_15_50_15_334.jpg,0,0,0,16.75094
C:\Users\SIDHARTH\Desktop\Data\IMG\center_2020_07_24_15_50_15_447.jpg, C:\Users\SIDHARTH\Desktop\Data\IMG\left_2020_07_24_15_50_15_447.jpg, C:\Users\SIDHARTH\Desktop\Data\IMG\right_2020_07_24_15_50_15_447.jpg,0,0,0,16.53312
C:\Users\SIDHARTH\Desktop\Data\IMG\center_2020_07_24_15_50_15_559.jpg, C:\Users\SIDHARTH\Desktop\Data\IMG\left_2020_07_24_15_50_15_559.jpg, C:\Users\SIDHARTH\Desktop\Data\IMG\right_2020_07_24_15_50_15_559.jpg,0,0,0,16.32556
C:\Users\SIDHARTH\Desktop\Data\IMG\center_2020_07_24_15_50_15_671.jpg, C:\Users\SIDHARTH\Desktop\Data\IMG\left_2020_07_24_15_50_15_671.jpg, C:\Users\SIDHARTH\Desktop\Data\IMG\right_2020_07_24_15_50_15_671.jpg,0,0,0,16.70457
C:\Users\SIDHARTH\Desktop\Data\IMG\center_2020_07_24_15_50_15_782.jpg, C:\Users\SIDHARTH\Desktop\Data\IMG\left_2020_07_24_15_50_15_782.jpg, C:\Users\SIDHARTH\Desktop\Data\IMG\right_2020_07_24_15_50_15_782.jpg,-0.329291,0,0,16.45505
C:\Users\SIDHARTH\Desktop\Data\IMG\center_2020_07_24_15_50_15_883.jpg, C:\Users\SIDHARTH\Desktop\Data\IMG\left_2020_07_24_15_50_15_883.jpg, C:\Users\SIDHARTH\Desktop\Data\IMG\right_2020_07_24_15_50_15_883.jpg,-0.02585683,0,0,15.75429
C:\Users\SIDHARTH\Desktop\Data\IMG\center_2020_07_24_15_50_15_988.jpg, C:\Users\SIDHARTH\Desktop\Data\IMG\left_2020_07_24_15_50_15_988.jpg, C:\Users\SIDHARTH\Desktop\Data\IMG\right_2020_07_24_15_50_15_988.jpg,0,0,0,16.13887
C:\Users\SIDHARTH\Desktop\Data\IMG\center_2020_07_24_15_50_16_090.jpg, C:\Users\SIDHARTH\Desktop\Data\IMG\left_2020_07_24_15_50_16_090.jpg, C:\Users\SIDHARTH\Desktop\Data\IMG\right_2020_07_24_15_50_16_090.jpg,0,0,0,15.4496
C:\Users\SIDHARTH\Desktop\Data\IMG\center_2020_07_24_15_50_16_202.jpg, C:\Users\SIDHARTH\Desktop\Data\IMG\left_2020_07_24_15_50_16_202.jpg, C:\Users\SIDHARTH\Desktop\Data\IMG\right_2020_07_24_15_50_16_202.jpg,0,0,0,15.27631
C:\Users\SIDHARTH\Desktop\Data\IMG\center_2020_07_24_15_50_16_319.jpg, C:\Users\SIDHARTH\Desktop\Data\IMG\left_2020_07_24_15_50_16_319.jpg, C:\Users\SIDHARTH\Desktop\Data\IMG\right_2020_07_24_15_50_16_319.jpg,-0.1713326,0,0,15.08409
C:\Users\SIDHARTH\Desktop\Data\IMG\center_2020_07_24_15_50_16_435.jpg, C:\Users\SIDHARTH\Desktop\Data\IMG\left_2020_07_24_15_50_16_435.jpg, C:\Users\SIDHARTH\Desktop\Data\IMG\right_2020_07_24_15_50_16_435.jpg,-0.5016919,0,0,15.30527
C:\Users\SIDHARTH\Desktop\Data\IMG\center_2020_07_24_15_50_16_557.jpg, C:\Users\SIDHARTH\Desktop\Data\IMG\left_2020_07_24_15_50_16_557.jpg, C:\Users\SIDHARTH\Desktop\Data\IMG\right_2020_07_24_15_50_16_557.jpg,-0.1335226,0,0,15.15714
C:\Users\SIDHARTH\Desktop\Data\IMG\center_2020_07_24_15_50_16_666.jpg, C:\Users\SIDHARTH\Desktop\Data\IMG\left_2020_07_24_15_50_16_666.jpg, C:\Users\SIDHARTH\Desktop\Data\IMG\right_2020_07_24_15_50_16_666.jpg,0,0,0,14.97703
C:\Users\SIDHARTH\Desktop\Data\IMG\center_2020_07_24_15_50_16_766.jpg, C:\Users\SIDHARTH\Desktop\Data\IMG\left_2020_07_24_15_50_16_766.jpg, C:\Users\SIDHARTH\Desktop\Data\IMG\right_2020_07_24_15_50_16_766.jpg,0,0,0,14.32553
C:\Users\SIDHARTH\Desktop\Data\IMG\center_2020_07_24_15_50_16_870.jpg, C:\Users\SIDHARTH\Desktop\Data\IMG\left_2020_07_24_15_50_16_870.jpg, C:\Users\SIDHARTH\Desktop\Data\IMG\right_2020_07_24_15_50_16_870.jpg,0,0,0,14.67303
C:\Users\SIDHARTH\Desktop\Data\IMG\center_2020_07_24_15_50_16_976.jpg, C:\Users\SIDHARTH\Desktop\Data\IMG\left_2020_07_24_15_50_16_976.jpg, C:\Users\SIDHARTH\Desktop\Data\IMG\right_2020_07_24_15_50_16_976.jpg,0,0,0,14.51579
C:\Users\SIDHARTH\Desktop\Data\IMG\center_2020_07_24_15_50_17_084.jpg, C:\Users\SIDHARTH\Desktop\Data\IMG\left_2020_07_24_15_50_17_084.jpg, C:\Users\SIDHARTH\Desktop\Data\IMG\right_2020_07_24_15_50_17_084.jpg,0,0,0,13.84758
C:\Users\SIDHARTH\Desktop\Data\IMG\center_2020_07_24_15_50_17_193.jpg, C:\Users\SIDHARTH\Desktop\Data\IMG\left_2020_07_24_15_50_17_193.jpg, C:\Users\SIDHARTH\Desktop\Data\IMG\right_2020_07_24_15_50_17_193.jpg,0,0,0,14.19753
